2026-05-18 22:29:51,841 [INFO] Activator:176 - 


2026-05-18 22:29:51,843 [INFO] Activator:177 - !SESSION log4j initialized
2026-05-18 22:29:54,234 [INFO] LogOutputStream:77 - [STDOUT_REDIRECT] 
2026-05-18 22:29:56,100 [INFO] ApplicationProperties:184 - Using Application install path: C:\ST\STM32CubeIDE_1.18.1\STM32CubeIDE\plugins\com.st.stm32cube.common.mx_6.14.1.202504091515
2026-05-18 22:29:56,118 [INFO] DbMcusXml:78 - Set database path to: C:\ST\STM32CubeIDE_1.18.1\STM32CubeIDE\plugins\com.st.stm32cube.common.mx_6.14.1.202504091515\\db\/mcu/
2026-05-18 22:29:56,118 [INFO] ApiDb:274 - Set plugin database path to: C:\ST\STM32CubeIDE_1.18.1\STM32CubeIDE\plugins\com.st.stm32cube.common.mx_6.14.1.202504091515\\db\/plugins/boardmanager/
2026-05-18 22:29:56,119 [WARN] ApiDb:259 - Overriding images path with different value:  => C:\ST\STM32CubeIDE_1.18.1\STM32CubeIDE\plugins\com.st.stm32cube.common.mx_6.14.1.202504091515\\db\/plugins/mcufinder/images/
2026-05-18 22:29:56,122 [INFO] ApiDb:250 - Set database path to: C:\Users\Vivek chadhuvula\.stmcufinder\plugins\mcufinder//mcu/
2026-05-18 22:29:56,123 [INFO] DbMcusAds:125 - Set database path to: C:\Users\Vivek chadhuvula\.stmcufinder\plugins\mcufinder//mcu/
2026-05-18 22:29:56,125 [INFO] CrossReferenceDbSqlite:203 - Set database path to: C:\Users\Vivek chadhuvula\.stmcufinder\plugins\mcufinder//mcu/cs/
2026-05-18 22:29:56,217 [INFO] RulesReader:64 - Compatibility file has been processed (302 Rules)
2026-05-18 22:29:56,282 [INFO] DbMcusXml:78 - Set database path to: C:\ST\STM32CubeIDE_1.18.1\STM32CubeIDE\plugins\com.st.stm32cube.common.mx_6.14.1.202504091515\\db\/mcu/
2026-05-18 22:29:56,283 [INFO] ApiDb:274 - Set plugin database path to: C:\ST\STM32CubeIDE_1.18.1\STM32CubeIDE\plugins\com.st.stm32cube.common.mx_6.14.1.202504091515\\db\/plugins/boardmanager/
2026-05-18 22:29:56,283 [INFO] ApiDb:261 - Set plugin images path to: C:\ST\STM32CubeIDE_1.18.1\STM32CubeIDE\plugins\com.st.stm32cube.common.mx_6.14.1.202504091515\\db\/plugins/mcufinder/images/
2026-05-18 22:29:56,283 [WARN] DbFile:41 - Overriding database path with different value: C:\Users\Vivek chadhuvula\.stmcufinder\plugins\mcufinder/ => C:\Users\Vivek chadhuvula\.stmcufinder\plugins\mcufinder
2026-05-18 22:29:56,283 [INFO] ApiDb:250 - Set database path to: C:\Users\Vivek chadhuvula\.stmcufinder\plugins\mcufinder//mcu/
2026-05-18 22:29:56,283 [WARN] DbFile:41 - Overriding database path with different value: C:\Users\Vivek chadhuvula\.stmcufinder\plugins\mcufinder/ => C:\Users\Vivek chadhuvula\.stmcufinder\plugins\mcufinder
2026-05-18 22:29:56,283 [INFO] DbMcusAds:125 - Set database path to: C:\Users\Vivek chadhuvula\.stmcufinder\plugins\mcufinder//mcu/
2026-05-18 22:29:56,283 [WARN] DbFile:41 - Overriding database path with different value: C:\Users\Vivek chadhuvula\.stmcufinder\plugins\mcufinder/ => C:\Users\Vivek chadhuvula\.stmcufinder\plugins\mcufinder
2026-05-18 22:29:56,283 [WARN] DbFile:41 - Overriding database path with different value: C:\Users\Vivek chadhuvula\.stmcufinder\plugins\mcufinder/ => C:\Users\Vivek chadhuvula\.stmcufinder\plugins\mcufinder
2026-05-18 22:29:56,283 [INFO] CrossReferenceDbSqlite:203 - Set database path to: C:\Users\Vivek chadhuvula\.stmcufinder\plugins\mcufinder//mcu/cs/
2026-05-18 22:29:56,351 [INFO] MainPanel:272 - HeapMemory: 268435456
2026-05-18 22:29:56,444 [INFO] DbMcusXml:78 - Set database path to: C:\ST\STM32CubeIDE_1.18.1\STM32CubeIDE\plugins\com.st.stm32cube.common.mx_6.14.1.202504091515\\db\/mcu/
2026-05-18 22:29:56,445 [INFO] ApiDb:274 - Set plugin database path to: C:\ST\STM32CubeIDE_1.18.1\STM32CubeIDE\plugins\com.st.stm32cube.common.mx_6.14.1.202504091515\\db\/plugins/boardmanager/
2026-05-18 22:29:56,445 [INFO] ApiDb:261 - Set plugin images path to: C:\ST\STM32CubeIDE_1.18.1\STM32CubeIDE\plugins\com.st.stm32cube.common.mx_6.14.1.202504091515\\db\/plugins/mcufinder/images/
2026-05-18 22:29:56,445 [WARN] DbFile:41 - Overriding database path with different value: C:\Users\Vivek chadhuvula\.stmcufinder\plugins\mcufinder/ => C:\Users\Vivek chadhuvula\.stmcufinder\plugins\mcufinder
2026-05-18 22:29:56,445 [INFO] ApiDb:250 - Set database path to: C:\Users\Vivek chadhuvula\.stmcufinder\plugins\mcufinder//mcu/
2026-05-18 22:29:56,445 [WARN] DbFile:41 - Overriding database path with different value: C:\Users\Vivek chadhuvula\.stmcufinder\plugins\mcufinder/ => C:\Users\Vivek chadhuvula\.stmcufinder\plugins\mcufinder
2026-05-18 22:29:56,445 [INFO] DbMcusAds:125 - Set database path to: C:\Users\Vivek chadhuvula\.stmcufinder\plugins\mcufinder//mcu/
2026-05-18 22:29:56,445 [WARN] DbFile:41 - Overriding database path with different value: C:\Users\Vivek chadhuvula\.stmcufinder\plugins\mcufinder/ => C:\Users\Vivek chadhuvula\.stmcufinder\plugins\mcufinder
2026-05-18 22:29:56,445 [WARN] DbFile:41 - Overriding database path with different value: C:\Users\Vivek chadhuvula\.stmcufinder\plugins\mcufinder/ => C:\Users\Vivek chadhuvula\.stmcufinder\plugins\mcufinder
2026-05-18 22:29:56,445 [INFO] CrossReferenceDbSqlite:203 - Set database path to: C:\Users\Vivek chadhuvula\.stmcufinder\plugins\mcufinder//mcu/cs/
2026-05-18 22:29:56,461 [INFO] ApplicationProperties:184 - Using Application install path: C:\ST\STM32CubeIDE_1.18.1\STM32CubeIDE\plugins\com.st.stm32cube.common.mx_6.14.1.202504091515
2026-05-18 22:29:56,463 [INFO] PluginManage:196 - Search for loadable plugins [exclusion list=, ]
2026-05-18 22:29:56,464 [INFO] PluginManage:310 - Check plugin analytics
2026-05-18 22:29:56,623 [INFO] AnalyticsPlugin:253 - Accepted Software Licenses: STM32CubeMX.6.14.0
2026-05-18 22:29:56,623 [INFO] AnalyticsPlugin:255 - Accepted CMSIS Pack Licenses: 
2026-05-18 22:29:56,625 [INFO] AnalyticsPlugin:257 - Accepted Firmware Licenses: FW.F4.1.28.0
2026-05-18 22:29:56,629 [INFO] PluginManage:359 - Loaded plugin analytics (category:tool,tabindex:-1)
2026-05-18 22:29:56,629 [INFO] PluginManage:310 - Check plugin cadmodel
2026-05-18 22:29:56,634 [INFO] CADModel:105 - Init CAD model plugin
2026-05-18 22:29:56,634 [INFO] PluginManage:359 - Loaded plugin cadmodel (category:power,tabindex:5)
2026-05-18 22:29:56,635 [INFO] PluginManage:310 - Check plugin clock
2026-05-18 22:29:56,648 [INFO] PluginManage:359 - Loaded plugin clock (category:base,tabindex:2)
2026-05-18 22:29:56,648 [INFO] PluginManage:310 - Check plugin ddr
2026-05-18 22:29:56,660 [INFO] PluginManage:359 - Loaded plugin ddr (category:tool,tabindex:6)
2026-05-18 22:29:56,660 [INFO] PluginManage:310 - Check plugin filemanager
2026-05-18 22:29:56,837 [INFO] PluginManage:359 - Loaded plugin filemanager (category:base,tabindex:10)
2026-05-18 22:29:56,837 [INFO] PluginManage:310 - Check plugin ipmanager
2026-05-18 22:29:56,845 [INFO] PluginManage:359 - Loaded plugin ipmanager (category:base,tabindex:5)
2026-05-18 22:29:56,846 [INFO] PluginManage:310 - Check plugin lpbam
2026-05-18 22:29:56,854 [INFO] PluginManage:359 - Loaded plugin lpbam (category:base,tabindex:0)
2026-05-18 22:29:56,854 [INFO] PluginManage:310 - Check plugin memorymap
2026-05-18 22:29:56,868 [INFO] PluginManage:359 - Loaded plugin memorymap (category:base,tabindex:4)
2026-05-18 22:29:56,868 [INFO] PluginManage:310 - Check plugin pinoutandconfiguration
2026-05-18 22:29:56,875 [INFO] PluginManage:359 - Loaded plugin pinoutandconfiguration (category:base,tabindex:1)
2026-05-18 22:29:56,876 [INFO] PluginManage:310 - Check plugin pinoutconfig
2026-05-18 22:29:56,953 [WARN] SupportedApi:132 - Cannot load RTOS API schema: s4s-elt-must-match.1: The content of 'definitions' must match (annotation?, (simpleType | complexType)?, (unique | key | keyref)*)). A problem was found starting at: attribute.
2026-05-18 22:29:57,046 [INFO] PluginManage:359 - Loaded plugin pinoutconfig (category:base,tabindex:0)
2026-05-18 22:29:57,046 [INFO] PluginManage:310 - Check plugin power
2026-05-18 22:29:57,052 [INFO] PluginManage:359 - Loaded plugin power (category:power,tabindex:4)
2026-05-18 22:29:57,052 [INFO] PluginManage:310 - Check plugin projectmanager
2026-05-18 22:29:57,066 [INFO] PluginManage:359 - Loaded plugin projectmanager (category:projectmanager,tabindex:4)
2026-05-18 22:29:57,066 [INFO] PluginManage:310 - Check plugin rif
2026-05-18 22:29:57,071 [INFO] PluginManage:359 - Loaded plugin rif (category:base,tabindex:3)
2026-05-18 22:29:57,071 [INFO] PluginManage:310 - Check plugin thirdparty
2026-05-18 22:29:57,178 [INFO] PluginManage:359 - Loaded plugin thirdparty (category:base,tabindex:-1)
2026-05-18 22:29:57,178 [WARN] IntegrityCheckThread:84 - waiting for thirdparty lock release [integrity check]
2026-05-18 22:29:57,178 [INFO] PluginManage:310 - Check plugin tools
2026-05-18 22:29:57,178 [INFO] IntegrityCheckThread:86 - entering critical section [integrity check]
2026-05-18 22:29:57,178 [INFO] ThirdPartyUpdaterWithRetryManager:70 - Updater plugin not ready yet. [1/15]
2026-05-18 22:29:57,181 [INFO] PluginManage:359 - Loaded plugin tools (category:base,tabindex:7)
2026-05-18 22:29:57,181 [INFO] PluginManage:310 - Check plugin tutovideos
2026-05-18 22:29:57,316 [INFO] PluginManage:359 - Loaded plugin tutovideos (category:base,tabindex:-1)
2026-05-18 22:29:57,316 [INFO] PluginManage:310 - Check plugin updater
2026-05-18 22:29:57,330 [INFO] PluginManage:359 - Loaded plugin updater (category:base,tabindex:12)
2026-05-18 22:29:57,330 [INFO] PluginManage:310 - Check plugin userauth
2026-05-18 22:29:57,333 [INFO] UserAuth:118 - Init User Auth plugin
2026-05-18 22:29:57,334 [INFO] PluginManage:359 - Loaded plugin userauth (category:base,tabindex:14)
2026-05-18 22:29:57,334 [INFO] PluginManage:283 - PluginManage : Loaded plugins [18]
2026-05-18 22:29:57,501 [INFO] PinOutPanel:1589 - setPackage(No Configuration,No Configuration)
2026-05-18 22:29:57,569 [INFO] CADModel:165 - CPN selected for project level
2026-05-18 22:29:57,569 [INFO] CADModel:114 - Register for checkConnection events
2026-05-18 22:29:57,582 [INFO] IPUIPlugin:80 - create IPUIPlugin
2026-05-18 22:29:57,583 [INFO] PluginManager:220 - loadIPPluginJar : add adc
2026-05-18 22:29:57,586 [INFO] IPUIPlugin:80 - create IPUIPlugin
2026-05-18 22:29:57,586 [INFO] PluginManager:220 - loadIPPluginJar : add aes
2026-05-18 22:29:57,588 [INFO] IPUIPlugin:80 - create IPUIPlugin
2026-05-18 22:29:57,588 [INFO] PluginManager:220 - loadIPPluginJar : add can
2026-05-18 22:29:57,590 [INFO] IPUIPlugin:80 - create IPUIPlugin
2026-05-18 22:29:57,590 [INFO] PluginManager:220 - loadIPPluginJar : add comp
2026-05-18 22:29:57,591 [INFO] IPUIPlugin:80 - create IPUIPlugin
2026-05-18 22:29:57,592 [INFO] PluginManager:220 - loadIPPluginJar : add cryp
2026-05-18 22:29:57,594 [INFO] IPUIPlugin:80 - create IPUIPlugin
2026-05-18 22:29:57,594 [INFO] PluginManager:220 - loadIPPluginJar : add ddr_ctrl_phy
2026-05-18 22:29:57,597 [INFO] IPUIPlugin:80 - create IPUIPlugin
2026-05-18 22:29:57,597 [INFO] PluginManager:220 - loadIPPluginJar : add dfsdm
2026-05-18 22:29:57,601 [INFO] IPUIPlugin:80 - create IPUIPlugin
2026-05-18 22:29:57,602 [INFO] PluginManager:220 - loadIPPluginJar : add dma
2026-05-18 22:29:57,605 [INFO] IPUIPlugin:80 - create IPUIPlugin
2026-05-18 22:29:57,605 [INFO] PluginManager:220 - loadIPPluginJar : add dma3
2026-05-18 22:29:57,607 [INFO] IPUIPlugin:80 - create IPUIPlugin
2026-05-18 22:29:57,607 [INFO] PluginManager:220 - loadIPPluginJar : add extmemmanager
2026-05-18 22:29:57,608 [INFO] IPUIPlugin:80 - create IPUIPlugin
2026-05-18 22:29:57,609 [INFO] PluginManager:220 - loadIPPluginJar : add fatfs
2026-05-18 22:29:57,613 [INFO] IPUIPlugin:80 - create IPUIPlugin
2026-05-18 22:29:57,614 [INFO] PluginManager:220 - loadIPPluginJar : add fmc
2026-05-18 22:29:57,619 [INFO] IPUIPlugin:80 - create IPUIPlugin
2026-05-18 22:29:57,620 [INFO] PluginManager:220 - loadIPPluginJar : add freertos
2026-05-18 22:29:57,621 [INFO] IPUIPlugin:80 - create IPUIPlugin
2026-05-18 22:29:57,621 [INFO] PluginManager:220 - loadIPPluginJar : add genericplugin
2026-05-18 22:29:57,623 [INFO] IPUIPlugin:80 - create IPUIPlugin
2026-05-18 22:29:57,623 [INFO] PluginManager:220 - loadIPPluginJar : add gfxmmu
2026-05-18 22:29:57,627 [INFO] IPUIPlugin:80 - create IPUIPlugin
2026-05-18 22:29:57,628 [INFO] PluginManager:220 - loadIPPluginJar : add gic
2026-05-18 22:29:57,631 [INFO] IPUIPlugin:80 - create IPUIPlugin
2026-05-18 22:29:57,631 [INFO] PluginManager:220 - loadIPPluginJar : add gpio
2026-05-18 22:29:57,634 [INFO] IPUIPlugin:80 - create IPUIPlugin
2026-05-18 22:29:57,634 [INFO] PluginManager:220 - loadIPPluginJar : add gtzc
2026-05-18 22:29:57,636 [INFO] IPUIPlugin:80 - create IPUIPlugin
2026-05-18 22:29:57,636 [INFO] PluginManager:220 - loadIPPluginJar : add hash
2026-05-18 22:29:57,638 [INFO] IPUIPlugin:80 - create IPUIPlugin
2026-05-18 22:29:57,638 [INFO] PluginManager:220 - loadIPPluginJar : add i2c
2026-05-18 22:29:57,640 [INFO] IPUIPlugin:80 - create IPUIPlugin
2026-05-18 22:29:57,640 [INFO] PluginManager:220 - loadIPPluginJar : add i2s
2026-05-18 22:29:57,643 [INFO] IPUIPlugin:80 - create IPUIPlugin
2026-05-18 22:29:57,643 [INFO] PluginManager:220 - loadIPPluginJar : add i3c
2026-05-18 22:29:57,645 [INFO] IPUIPlugin:80 - create IPUIPlugin
2026-05-18 22:29:57,645 [INFO] PluginManager:220 - loadIPPluginJar : add ipddr
2026-05-18 22:29:57,651 [INFO] IPUIPlugin:80 - create IPUIPlugin
2026-05-18 22:29:57,651 [INFO] PluginManager:220 - loadIPPluginJar : add linkedlist
2026-05-18 22:29:57,654 [INFO] IPUIPlugin:80 - create IPUIPlugin
2026-05-18 22:29:57,654 [INFO] PluginManager:220 - loadIPPluginJar : add lorawan
2026-05-18 22:29:57,655 [INFO] IPUIPlugin:80 - create IPUIPlugin
2026-05-18 22:29:57,655 [INFO] PluginManager:220 - loadIPPluginJar : add ltdc
2026-05-18 22:29:57,660 [INFO] IPUIPlugin:80 - create IPUIPlugin
2026-05-18 22:29:57,660 [INFO] PluginManager:220 - loadIPPluginJar : add mdma
2026-05-18 22:29:57,663 [INFO] IPUIPlugin:80 - create IPUIPlugin
2026-05-18 22:29:57,663 [INFO] PluginManager:220 - loadIPPluginJar : add nvic
2026-05-18 22:29:57,666 [INFO] IPUIPlugin:80 - create IPUIPlugin
2026-05-18 22:29:57,666 [INFO] PluginManager:220 - loadIPPluginJar : add opamp
2026-05-18 22:29:57,668 [INFO] IPUIPlugin:80 - create IPUIPlugin
2026-05-18 22:29:57,668 [INFO] PluginManager:220 - loadIPPluginJar : add openamp
2026-05-18 22:29:57,670 [INFO] IPUIPlugin:80 - create IPUIPlugin
2026-05-18 22:29:57,670 [INFO] PluginManager:220 - loadIPPluginJar : add pdm2pcm
2026-05-18 22:29:57,674 [INFO] IPUIPlugin:80 - create IPUIPlugin
2026-05-18 22:29:57,677 [INFO] PluginManager:220 - loadIPPluginJar : add plateformsettings
2026-05-18 22:29:57,678 [INFO] IPUIPlugin:80 - create IPUIPlugin
2026-05-18 22:29:57,678 [INFO] PluginManager:220 - loadIPPluginJar : add quadspi
2026-05-18 22:29:57,680 [INFO] IPUIPlugin:80 - create IPUIPlugin
2026-05-18 22:29:57,680 [INFO] PluginManager:220 - loadIPPluginJar : add radio
2026-05-18 22:29:57,682 [INFO] IPUIPlugin:80 - create IPUIPlugin
2026-05-18 22:29:57,682 [INFO] PluginManager:220 - loadIPPluginJar : add resmgrutility
2026-05-18 22:29:57,684 [INFO] IPUIPlugin:80 - create IPUIPlugin
2026-05-18 22:29:57,685 [INFO] PluginManager:220 - loadIPPluginJar : add sai
2026-05-18 22:29:57,687 [INFO] IPUIPlugin:80 - create IPUIPlugin
2026-05-18 22:29:57,687 [INFO] PluginManager:220 - loadIPPluginJar : add spi
2026-05-18 22:29:57,691 [INFO] IPUIPlugin:80 - create IPUIPlugin
2026-05-18 22:29:57,691 [INFO] PluginManager:220 - loadIPPluginJar : add stm32_wpan
2026-05-18 22:29:57,694 [INFO] IPUIPlugin:80 - create IPUIPlugin
2026-05-18 22:29:57,694 [INFO] PluginManager:220 - loadIPPluginJar : add tim
2026-05-18 22:29:57,697 [INFO] IPUIPlugin:80 - create IPUIPlugin
2026-05-18 22:29:57,697 [INFO] PluginManager:220 - loadIPPluginJar : add touchsensing
2026-05-18 22:29:57,699 [INFO] IPUIPlugin:80 - create IPUIPlugin
2026-05-18 22:29:57,699 [INFO] PluginManager:220 - loadIPPluginJar : add tracer_emb
2026-05-18 22:29:57,701 [INFO] IPUIPlugin:80 - create IPUIPlugin
2026-05-18 22:29:57,701 [INFO] PluginManager:220 - loadIPPluginJar : add ts
2026-05-18 22:29:57,702 [INFO] IPUIPlugin:80 - create IPUIPlugin
2026-05-18 22:29:57,702 [INFO] PluginManager:220 - loadIPPluginJar : add tsc
2026-05-18 22:29:57,706 [INFO] IPUIPlugin:80 - create IPUIPlugin
2026-05-18 22:29:57,706 [INFO] PluginManager:220 - loadIPPluginJar : add ucpd
2026-05-18 22:29:57,708 [INFO] IPUIPlugin:80 - create IPUIPlugin
2026-05-18 22:29:57,709 [INFO] PluginManager:220 - loadIPPluginJar : add usart
2026-05-18 22:29:57,712 [INFO] IPUIPlugin:80 - create IPUIPlugin
2026-05-18 22:29:57,712 [INFO] PluginManager:220 - loadIPPluginJar : add usbx
2026-05-18 22:29:57,826 [FATAL] Updater:351 - Updater called before beeing initialized
2026-05-18 22:29:57,875 [INFO] RulesReader:64 - Compatibility file has been processed (302 Rules)
2026-05-18 22:29:57,889 [INFO] RulesReader:64 - Compatibility file has been processed (302 Rules)
2026-05-18 22:29:57,898 [INFO] CADModel:165 - CPN selected for project level
2026-05-18 22:29:57,899 [INFO] CADModel:114 - Register for checkConnection events
2026-05-18 22:29:57,899 [FATAL] Updater:351 - Updater called before beeing initialized
2026-05-18 22:29:57,899 [ERROR] CADModel:125 - Updater not yet initialized, retry later 
2026-05-18 22:29:58,001 [FATAL] Updater:351 - Updater called before beeing initialized
2026-05-18 22:29:58,003 [INFO] CADModel:165 - CPN selected for project level
2026-05-18 22:29:58,003 [INFO] CADModel:114 - Register for checkConnection events
2026-05-18 22:29:58,003 [FATAL] Updater:351 - Updater called before beeing initialized
2026-05-18 22:29:58,003 [ERROR] CADModel:125 - Updater not yet initialized, retry later 
2026-05-18 22:29:58,006 [FATAL] Updater:351 - Updater called before beeing initialized
2026-05-18 22:29:58,072 [FATAL] Updater:351 - Updater called before beeing initialized
2026-05-18 22:29:58,075 [INFO] DbMcusAds:53 - JSON generation date=Mon Apr 27 13:44:29 IST 2026 (1777277669577)
2026-05-18 22:29:58,075 [FATAL] Updater:351 - Updater called before beeing initialized
2026-05-18 22:29:58,101 [WARN] DetailPanel:346 - Failed to get advertising image, set to default
2026-05-18 22:29:58,289 [FATAL] Updater:351 - Updater called before beeing initialized
2026-05-18 22:29:58,290 [FATAL] Updater:351 - Updater called before beeing initialized
2026-05-18 22:29:58,290 [FATAL] Updater:351 - Updater called before beeing initialized
2026-05-18 22:29:58,291 [WARN] DetailPanel:346 - Failed to get advertising image, set to default
2026-05-18 22:29:58,291 [FATAL] Updater:351 - Updater called before beeing initialized
2026-05-18 22:29:58,320 [ERROR] Updater:1198 - MainUpdater not yet initialized. External WinMGr cannot be set.
2026-05-18 22:29:58,322 [INFO] Updater:1134 - Updater Version found : 6.14.1
2026-05-18 22:29:58,334 [INFO] ApplicationProperties:184 - Using Application install path: C:\ST\STM32CubeIDE_1.18.1\STM32CubeIDE\plugins\com.st.stm32cube.common.mx_6.14.1.202504091515
2026-05-18 22:29:59,903 [ERROR] LogOutputStream:75 - [STDERR_REDIRECT] May 18, 2026 10:29:59 PM java.util.prefs.WindowsPreferences <init>
2026-05-18 22:29:59,904 [ERROR] LogOutputStream:75 - [STDERR_REDIRECT] WARNING: Could not open/create prefs root node Software\JavaSoft\Prefs at root 0xffffffff80000002. Windows RegCreateKeyEx(...) returned error code 5.
2026-05-18 22:29:59,904 [ERROR] LogOutputStream:75 - [STDERR_REDIRECT] 
2026-05-18 22:30:00,099 [INFO] MainUpdater:2872 - connection check result : 10
2026-05-18 22:30:00,100 [INFO] MainUpdater:289 - Updater Check For Update Now.
2026-05-18 22:30:00,100 [INFO] MicroXplorer:498 - Change Database Version : DB.6.0.141
2026-05-18 22:30:00,108 [INFO] McuFinderGlobals:63 - Set McuFinder mode to 2 (CubeIDE integrated)
2026-05-18 22:30:00,108 [INFO] UserAuth:171 - activating auth plugin
2026-05-18 22:30:00,110 [INFO] UserAuth:484 - Internet connection configuration mode: 1
2026-05-18 22:30:00,125 [INFO] JxBrowserEngine:152 - Initiate JxBrowser Engine with user profile folder
2026-05-18 22:30:00,181 [WARN] MainUpdater:1193 - Updater busy. Cannot search thirdparties
2026-05-18 22:30:00,181 [INFO] ThirdPartyUpdaterWithRetryManager:96 - Updater plugin is busy. [1/15]
2026-05-18 22:30:00,282 [INFO] CheckServerUpdateThread:120 - End of CheckServer Thread
2026-05-18 22:30:00,646 [INFO] WebApp:169 - Instantiating new browser for Auth
2026-05-18 22:30:01,177 [INFO] WebApp:463 - Apply proxy settings
2026-05-18 22:30:01,178 [INFO] WebApp:548 - Chromium requires no authentication
2026-05-18 22:30:01,183 [INFO] WebApp:491 - Direct internet connection detected
2026-05-18 22:30:01,198 [INFO] WebApp:894 - Register for checkConnection events
2026-05-18 22:30:01,199 [INFO] WebApp:463 - Apply proxy settings
2026-05-18 22:30:01,199 [INFO] WebApp:548 - Chromium requires no authentication
2026-05-18 22:30:01,199 [INFO] WebApp:491 - Direct internet connection detected
2026-05-18 22:30:01,296 [INFO] WebApp:225 - Starting web application
2026-05-18 22:30:01,297 [INFO] WebApp:593 - Web application path used C:\ST\STM32CubeIDE_1.18.1\STM32CubeIDE\plugins\com.st.stm32cube.common.mx_6.14.1.202504091515\db\plugins\mcufinder\reactClient1\index.html
2026-05-18 22:30:01,520 [INFO] WebApp:191 - Connection restablished
2026-05-18 22:30:03,439 [WARN] PackLoader:240 - Cannot read IP mode file for STMicroelectronics.X-CUBE-AZRTOS-H7.3.5.0
2026-05-18 22:30:03,451 [WARN] PackLoader:240 - Cannot read IP mode file for STMicroelectronics.FP-SNS-MOTENVWB1.1.4.0
2026-05-18 22:30:03,483 [WARN] PackLoader:240 - Cannot read IP mode file for STMicroelectronics.FP-ATR-ASTRA1.2.0.2
2026-05-18 22:30:03,494 [WARN] PackLoader:240 - Cannot read IP mode file for STMicroelectronics.X-CUBE-SMBUS.2.1.0
2026-05-18 22:30:03,502 [WARN] PackLoader:240 - Cannot read IP mode file for STMicroelectronics.X-CUBE-ST60.1.0.0
2026-05-18 22:30:03,532 [WARN] PackLoader:240 - Cannot read IP mode file for STMicroelectronics.X-CUBE-AZRTOS-F7.1.1.0
2026-05-18 22:30:03,543 [ERROR] Engine:466 - C:\Users\Vivek chadhuvula\.stm32cubemx\thirdparties\pdsc\STMicroelectronics.FP-SNS-MOTENV1.5.1.0.pdsc: PDSC version is not supported
2026-05-18 22:30:03,568 [WARN] PackLoader:240 - Cannot read IP mode file for Infineon.AIROC-Wi-Fi-Bluetooth-STM32.1.7.1
2026-05-18 22:30:03,609 [WARN] PackLoader:240 - Cannot read IP mode file for STMicroelectronics.X-CUBE-AZRTOS-H7.3.4.0
2026-05-18 22:30:03,624 [WARN] PackLoader:240 - Cannot read IP mode file for STMicroelectronics.X-CUBE-DISPLAY.3.0.0
2026-05-18 22:30:03,635 [WARN] PackLoader:240 - Cannot read IP mode file for STMicroelectronics.X-CUBE-GNSS1.7.1.1
2026-05-18 22:30:03,639 [ERROR] Engine:466 - C:\Users\Vivek chadhuvula\.stm32cubemx\thirdparties\pdsc\STMicroelectronics.FP-SNS-MOTENVWB1.1.5.0.pdsc: PDSC version is not supported
2026-05-18 22:30:03,645 [WARN] PackLoader:240 - Cannot read IP mode file for STMicroelectronics.X-CUBE-NFC10.1.0.0
2026-05-18 22:30:03,651 [WARN] PackLoader:240 - Cannot read IP mode file for STMicroelectronics.X-CUBE-ST60.1.1.0
2026-05-18 22:30:03,658 [WARN] PackLoader:240 - Cannot read IP mode file for emotas.I-CUBE-CANOPEN.1.3.0
2026-05-18 22:30:03,663 [WARN] PackLoader:240 - Cannot read IP mode file for STMicroelectronics.X-CUBE-GNSS1.7.1.0
2026-05-18 22:30:03,670 [ERROR] Engine:466 - C:\Users\Vivek chadhuvula\.stm32cubemx\thirdparties\pdsc\STMicroelectronics.FP-SNS-STBOX1.2.1.0.pdsc: PDSC version is not supported
2026-05-18 22:30:03,681 [WARN] PackLoader:240 - Cannot read IP mode file for STMicroelectronics.FP-SNS-SMARTAG2.1.2.0
2026-05-18 22:30:03,687 [WARN] PackLoader:240 - Cannot read IP mode file for STMicroelectronics.FP-SNS-FLIGHT1.5.1.0
2026-05-18 22:30:03,697 [INFO] LogOutputStream:77 - [STDOUT_REDIRECT] 1 : Invalid condition id : UX_CORESTACK_Condition cause : null
2026-05-18 22:30:03,698 [INFO] LogOutputStream:77 - [STDOUT_REDIRECT] 1 : Invalid condition id : UX_CORESTACK_Condition cause : null
2026-05-18 22:30:03,698 [INFO] LogOutputStream:77 - [STDOUT_REDIRECT] 1 : Invalid condition id : UX_CORESTACK_Condition cause : null
2026-05-18 22:30:03,699 [INFO] LogOutputStream:77 - [STDOUT_REDIRECT] 1 : Invalid condition id : UX_CORESTACK_Condition cause : null
2026-05-18 22:30:03,700 [INFO] LogOutputStream:77 - [STDOUT_REDIRECT] 1 : Invalid condition id : UX_CORESTACK_Condition cause : null
2026-05-18 22:30:03,702 [WARN] PackLoader:240 - Cannot read IP mode file for STMicroelectronics.X-CUBE-AZRTOS-WL.2.0.0
2026-05-18 22:30:03,709 [WARN] PackLoader:240 - Cannot read IP mode file for STMicroelectronics.FP-SNS-MOTENV1.5.0.0
2026-05-18 22:30:03,724 [WARN] PackLoader:240 - Cannot read IP mode file for STMicroelectronics.X-CUBE-AZRTOS-H7RS.1.2.0
2026-05-18 22:30:03,733 [WARN] PackLoader:240 - Cannot read IP mode file for WES.I-CUBE-Cesium.1.3.0
2026-05-18 22:30:03,737 [WARN] PackLoader:240 - Cannot read IP mode file for STMicroelectronics.X-CUBE-BLE2.3.3.0
2026-05-18 22:30:03,758 [WARN] PackLoader:240 - Cannot read IP mode file for STMicroelectronics.X-CUBE-NFC9.1.0.0
2026-05-18 22:30:03,764 [WARN] PackLoader:240 - Cannot read IP mode file for wolfSSL.I-CUBE-wolfSSL.5.8.2
2026-05-18 22:30:03,767 [WARN] PackLoader:240 - Cannot read IP mode file for STMicroelectronics.X-CUBE-BLE1.7.1.0
2026-05-18 22:30:03,771 [WARN] PackLoader:240 - Cannot read IP mode file for wolfSSL.I-CUBE-wolfMQTT.1.19.2
2026-05-18 22:30:03,773 [ERROR] Engine:466 - C:\Users\Vivek chadhuvula\.stm32cubemx\thirdparties\pdsc\STMicroelectronics.X-CUBE-FREERTOS.1.4.0.pdsc: PDSC version is not supported
2026-05-18 22:30:03,778 [WARN] PackLoader:240 - Cannot read IP mode file for STMicroelectronics.X-CUBE-EEPRMA1.5.2.0
2026-05-18 22:30:03,785 [ERROR] Engine:466 - C:\Users\Vivek chadhuvula\.stm32cubemx\thirdparties\pdsc\STMicroelectronics.X-CUBE-ST67W61.1.1.0.pdsc: PDSC version is not supported
2026-05-18 22:30:03,791 [WARN] PackLoader:240 - Cannot read IP mode file for STMicroelectronics.X-CUBE-AI.10.1.0
2026-05-18 22:30:03,794 [ERROR] Engine:466 - C:\Users\Vivek chadhuvula\.stm32cubemx\thirdparties\pdsc\STMicroelectronics.FP-SNS-STAIOTCFT.1.1.0.pdsc: PDSC version is not supported
2026-05-18 22:30:03,826 [WARN] PackLoader:240 - Cannot read IP mode file for STMicroelectronics.X-CUBE-MEMS1.12.0.0
2026-05-18 22:30:03,915 [WARN] PackLoader:240 - Cannot read IP mode file for STMicroelectronics.X-CUBE-AZRTOS-G0.1.1.0
2026-05-18 22:30:03,925 [WARN] PackLoader:240 - Cannot read IP mode file for STMicroelectronics.X-CUBE-SAFEA1.1.2.2
2026-05-18 22:30:03,931 [WARN] PackLoader:240 - Cannot read IP mode file for STMicroelectronics.X-CUBE-NFC4.3.0.0
2026-05-18 22:30:03,942 [WARN] PackLoader:240 - Cannot read IP mode file for EmbeddedOffice.I-CUBE-FS-RTOS.1.0.1
2026-05-18 22:30:03,951 [WARN] PackLoader:240 - Cannot read IP mode file for STMicroelectronics.X-CUBE-WB05N.2.0.0
2026-05-18 22:30:03,977 [WARN] PackLoader:240 - Cannot read IP mode file for wolfSSL.I-CUBE-wolfTPM.3.8.0
2026-05-18 22:30:03,987 [WARN] PackLoader:240 - Cannot read IP mode file for STMicroelectronics.X-CUBE-TCPP.4.2.0
2026-05-18 22:30:03,995 [WARN] PackLoader:240 - Cannot read IP mode file for RealThread.X-CUBE-RT-Thread_Nano.4.1.1
2026-05-18 22:30:04,002 [WARN] PackLoader:240 - Cannot read IP mode file for STMicroelectronics.FP-ATR-SIGFOX1.3.2.0
2026-05-18 22:30:04,007 [ERROR] Engine:466 - C:\Users\Vivek chadhuvula\.stm32cubemx\thirdparties\pdsc\STMicroelectronics.X-CUBE-FREERTOS.1.5.0.pdsc: PDSC version is not supported
2026-05-18 22:30:04,016 [WARN] PackLoader:240 - Cannot read IP mode file for ITTIA_DB.I-CUBE-ITTIADB.8.9.0
2026-05-18 22:30:04,023 [WARN] PackLoader:240 - Cannot read IP mode file for STMicroelectronics.X-CUBE-NFC6.3.2.0
2026-05-18 22:30:04,031 [WARN] PackLoader:240 - Cannot read IP mode file for STMicroelectronics.X-CUBE-ST67W61.1.0.0
2026-05-18 22:30:04,035 [WARN] PackLoader:240 - Cannot read IP mode file for STMicroelectronics.X-CUBE-AI.10.2.0
2026-05-18 22:30:04,066 [WARN] PackLoader:240 - Cannot read IP mode file for STMicroelectronics.X-CUBE-MEMS1.12.1.0
2026-05-18 22:30:04,138 [WARN] PackLoader:240 - Cannot read IP mode file for SEGGER.I-CUBE-embOS.1.3.1
2026-05-18 22:30:04,167 [WARN] PackLoader:240 - Cannot read IP mode file for STMicroelectronics.X-CUBE-ALGOBUILD.1.4.0
2026-05-18 22:30:04,192 [WARN] PackLoader:240 - Cannot read IP mode file for STMicroelectronics.X-CUBE-MEMS1.11.3.0
2026-05-18 22:30:04,277 [WARN] PackLoader:240 - Cannot read IP mode file for STMicroelectronics.X-CUBE-PM33A1.1.0.0
2026-05-18 22:30:04,288 [WARN] PackLoader:240 - Cannot read IP mode file for STMicroelectronics.X-CUBE-AZRTOS-F4.1.1.0
2026-05-18 22:30:04,292 [WARN] PackLoader:240 - Cannot read IP mode file for Avnet-IotConnect.X-CUBE-IoTC-DA16k-PMOD.1.0.0
2026-05-18 22:30:04,297 [WARN] PackLoader:240 - Cannot read IP mode file for STMicroelectronics.X-CUBE-ISPU.2.1.0
2026-05-18 22:30:04,301 [ERROR] Engine:466 - C:\Users\Vivek chadhuvula\.stm32cubemx\thirdparties\pdsc\STMicroelectronics.X-CUBE-IPS.3.2.0.pdsc: PDSC version is not supported
2026-05-18 22:30:04,305 [WARN] PackLoader:240 - Cannot read IP mode file for STMicroelectronics.eDS-WB_DPC_TT-BIDIR.2.1.1
2026-05-18 22:30:04,310 [WARN] PackLoader:240 - Cannot read IP mode file for STMicroelectronics.X-CUBE-NFC12.1.0.0
2026-05-18 22:30:04,322 [WARN] PackLoader:240 - Cannot read IP mode file for STMicroelectronics.X-CUBE-AZRTOS-L5.2.0.0
2026-05-18 22:30:04,329 [WARN] PackLoader:240 - Cannot read IP mode file for STMicroelectronics.X-CUBE-NFC6.3.1.0
2026-05-18 22:30:04,334 [WARN] PackLoader:240 - Cannot read IP mode file for STMicroelectronics.eDS-WB_DPC_VIENNA.1.2.0
2026-05-18 22:30:04,340 [WARN] PackLoader:240 - Cannot read IP mode file for STMicroelectronics.eDS-WB_DPC_3PH2L-BIDIR.1.1.1
2026-05-18 22:30:04,342 [ERROR] Engine:466 - C:\Users\Vivek chadhuvula\.stm32cubemx\thirdparties\pdsc\STMicroelectronics.X-CUBE-ST67W61.1.3.0.pdsc: PDSC version is not supported
2026-05-18 22:30:04,346 [WARN] PackLoader:240 - Cannot read IP mode file for STMicroelectronics.X-CUBE-FREERTOS.1.3.1
2026-05-18 22:30:04,350 [WARN] PackLoader:240 - Cannot read IP mode file for STMicroelectronics.X-CUBE-TOUCHGFX.4.26.0
2026-05-18 22:30:04,353 [WARN] PackLoader:240 - Cannot read IP mode file for STMicroelectronics.X-CUBE-TOUCHGFX.4.26.1
2026-05-18 22:30:04,358 [WARN] PackLoader:240 - Cannot read IP mode file for STMicroelectronics.FP-SNS-STAIOTCFT.1.0.0
2026-05-18 22:30:04,362 [WARN] PackLoader:240 - Cannot read IP mode file for STMicroelectronics.X-CUBE-DPower.1.3.0
2026-05-18 22:30:04,372 [WARN] ConditionMgr:438 - getConditionDescription Invalid condition id : LAN8742 Phy interface Condition cause : null
2026-05-18 22:30:04,373 [WARN] PackLoader:240 - Cannot read IP mode file for STMicroelectronics.X-CUBE-AZRTOS-L4.2.0.0
2026-05-18 22:30:04,374 [WARN] ConditionMgr:1044 - genDependencies : Invalid condition id : LAN8742 Phy interface Condition cause : null
2026-05-18 22:30:04,374 [WARN] ConditionMgr:1044 - genDependencies : Invalid condition id : LAN8742 Phy interface Condition cause : null
2026-05-18 22:30:04,374 [WARN] ConditionMgr:1044 - genDependencies : Invalid condition id : LAN8742 Phy interface Condition cause : null
2026-05-18 22:30:04,381 [WARN] PackLoader:240 - Cannot read IP mode file for STMicroelectronics.X-CUBE-SFXS2LP1.4.0.0
2026-05-18 22:30:04,384 [WARN] PackLoader:240 - Cannot read IP mode file for STMicroelectronics.X-CUBE-WB05N.2.1.0
2026-05-18 22:30:04,390 [ERROR] Engine:466 - C:\Users\Vivek chadhuvula\.stm32cubemx\thirdparties\pdsc\STMicroelectronics.X-CUBE-ST67W61.1.2.0.pdsc: PDSC version is not supported
2026-05-18 22:30:04,402 [WARN] PackLoader:240 - Cannot read IP mode file for STMicroelectronics.X-CUBE-BLEMGR.4.1.0
2026-05-18 22:30:04,418 [WARN] ConditionMgr:438 - getConditionDescription Invalid condition id : UX DEVICE CLASS RTOS Condition cause : null
2026-05-18 22:30:04,418 [WARN] ConditionMgr:438 - getConditionDescription Invalid condition id : UX DEVICE CLASS RTOS Condition cause : null
2026-05-18 22:30:04,420 [WARN] PackLoader:240 - Cannot read IP mode file for STMicroelectronics.X-CUBE-AZRTOS-WB.2.0.0
2026-05-18 22:30:04,421 [WARN] ConditionMgr:1044 - genDependencies : Invalid condition id : UX DEVICE CLASS RTOS Condition cause : null
2026-05-18 22:30:04,421 [WARN] ConditionMgr:1044 - genDependencies : Invalid condition id : UX DEVICE CLASS RTOS Condition cause : null
2026-05-18 22:30:04,421 [WARN] ConditionMgr:1044 - genDependencies : Invalid condition id : UX DEVICE CLASS RTOS Condition cause : null
2026-05-18 22:30:04,421 [WARN] ConditionMgr:1044 - genDependencies : Invalid condition id : UX DEVICE CLASS RTOS Condition cause : null
2026-05-18 22:30:04,421 [WARN] ConditionMgr:1044 - genDependencies : Invalid condition id : UX DEVICE CLASS RTOS Condition cause : null
2026-05-18 22:30:04,427 [WARN] PackLoader:240 - Cannot read IP mode file for STMicroelectronics.X-CUBE-GNSS1.7.0.1
2026-05-18 22:30:04,432 [WARN] PackLoader:240 - Cannot read IP mode file for STMicroelectronics.X-CUBE-TOUCHGFX.4.25.0
2026-05-18 22:30:04,439 [WARN] PackLoader:240 - Cannot read IP mode file for STMicroelectronics.FP-SNS-STBOX1.2.0.0
2026-05-18 22:30:04,446 [WARN] ConditionMgr:438 - getConditionDescription Invalid condition id : Cortex-A Device cause : null
2026-05-18 22:30:04,463 [WARN] ConditionMgr:1044 - genDependencies : Invalid condition id : Cortex-A Device cause : null
2026-05-18 22:30:04,464 [WARN] ConditionMgr:1044 - genDependencies : Invalid condition id : Cortex-A Device cause : null
2026-05-18 22:30:04,464 [WARN] ConditionMgr:1044 - genDependencies : Invalid condition id : Cortex-A Device cause : null
2026-05-18 22:30:04,473 [WARN] PackLoader:240 - Cannot read IP mode file for STMicroelectronics.X-CUBE-STSE01.2.0.0
2026-05-18 22:30:04,482 [WARN] PackLoader:240 - Cannot read IP mode file for STMicroelectronics.X-CUBE-SUBG2.5.0.0
2026-05-18 22:30:04,495 [WARN] PackLoader:240 - Cannot read IP mode file for STMicroelectronics.X-CUBE-AZRTOS-H7RS.1.1.0
2026-05-18 22:30:04,501 [WARN] PackLoader:240 - Cannot read IP mode file for Cesanta.I-CUBE-Mongoose.7.13.0
2026-05-18 22:30:04,511 [WARN] PackLoader:240 - Cannot read IP mode file for STMicroelectronics.X-CUBE-AZRTOS-G4.2.0.0
2026-05-18 22:30:04,515 [WARN] PackLoader:240 - Cannot read IP mode file for wolfSSL.I-CUBE-wolfSSH.1.4.20
2026-05-18 22:30:04,521 [WARN] PackLoader:240 - Cannot read IP mode file for STMicroelectronics.X-CUBE-NFC7.2.0.0
2026-05-18 22:30:04,530 [WARN] PackLoader:240 - Cannot read IP mode file for STMicroelectronics.X-CUBE-IPS.3.1.0
2026-05-18 22:30:04,536 [WARN] PackLoader:240 - Cannot read IP mode file for STMicroelectronics.X-CUBE-ALS.1.0.2
2026-05-18 22:30:04,540 [WARN] PackLoader:240 - Cannot read IP mode file for STMicroelectronics.X-CUBE-STSE01.1.0.0
2026-05-18 22:30:04,546 [WARN] PackLoader:240 - Cannot read IP mode file for portGmbH.I-Cube-SoM-uGOAL.1.1.0
2026-05-18 22:30:04,552 [WARN] PackLoader:240 - Cannot read IP mode file for STMicroelectronics.X-CUBE-TOF1.3.4.3
2026-05-18 22:30:04,560 [INFO] ThirdParty:978 - Integrity check success = true
2026-05-18 22:30:04,560 [INFO] IntegrityCheckThread:100 - exiting critical section [integrity check]
2026-05-18 22:30:04,560 [INFO] IntegrityCheckThread:103 - End integrity checks thread
2026-05-18 22:30:19,552 [INFO] McuFinderGlobals:63 - Set McuFinder mode to 2 (CubeIDE integrated)
2026-05-18 22:30:19,555 [INFO] MainUpdater:2872 - connection check result : 10
2026-05-18 22:30:19,556 [INFO] McuFinderGlobals:76 - Set McuFinderConnectedMode to true
2026-05-18 22:30:19,698 [INFO] ServerAccessManage:473 - Download File mcusAds.json._tmp_
2026-05-18 22:30:19,809 [INFO] LoadUrlFilesThread:156 - End of LoadUrlFiles Thread
2026-05-18 22:30:20,210 [INFO] ServerAccessManage:473 - Download File cube-finder-db.zip
2026-05-18 22:30:24,069 [INFO] FileExtend:242 - Unzip File : cube-finder-db.zip
2026-05-18 22:30:24,069 [INFO] FileExtend:257 - Standard Zip Deflate
2026-05-18 22:30:24,808 [INFO] LoadUrlFilesThread:156 - End of LoadUrlFiles Thread
2026-05-18 22:30:25,791 [INFO] ServerAccessManage:473 - Download File crdb.zip
2026-05-18 22:30:26,630 [INFO] FileExtend:242 - Unzip File : crdb.zip
2026-05-18 22:30:26,631 [INFO] FileExtend:257 - Standard Zip Deflate
2026-05-18 22:30:26,758 [INFO] LoadUrlFilesThread:156 - End of LoadUrlFiles Thread
2026-05-18 22:30:26,880 [INFO] ServerAccessManage:473 - Download File tutoVideoDB.zip
2026-05-18 22:30:26,912 [INFO] FileExtend:242 - Unzip File : tutoVideoDB.zip
2026-05-18 22:30:26,913 [INFO] FileExtend:257 - Standard Zip Deflate
2026-05-18 22:30:27,023 [INFO] LoadUrlFilesThread:156 - End of LoadUrlFiles Thread
2026-05-18 22:30:27,027 [WARN] DbFile:41 - Overriding database path with different value: C:\Users\Vivek chadhuvula\.stmcufinder\plugins\mcufinder/ => C:\Users\Vivek chadhuvula\.stmcufinder\plugins\mcufinder
2026-05-18 22:30:27,257 [ERROR] ServerAccessManage:1089 - Problem, file not found on Server
2026-05-18 22:30:27,258 [ERROR] ServerAccessManage:651 - Problem, file not found on Server : api_config.json.
2026-05-18 22:30:28,454 [INFO] LoadUrlFilesThread:156 - End of LoadUrlFiles Thread
2026-05-18 22:30:29,422 [INFO] DbMcusAds:53 - JSON generation date=Mon Apr 27 13:44:29 IST 2026 (1777277669577)
2026-05-18 22:30:29,439 [ERROR] TargetSelectorAdapter:267 - Unable to refresh data
2026-05-18 22:30:29,654 [INFO] ApiDb:581 - Connected to CubeFinder SQLite database (C:\Users\Vivek chadhuvula\.stmcufinder\plugins\mcufinder\mcu\cube-finder-db.db)
2026-05-18 22:30:29,732 [INFO] ApiDb:668 - CubeFinder database Data Model version=2.1
2026-05-18 22:30:29,734 [INFO] ApiDb:669 - CubeFinder database Configuration version=3.0.42
2026-05-18 22:30:29,734 [INFO] ApiDb:670 - CubeFinder database generation date=2026-05-06 (1778060171)
2026-05-18 22:30:29,735 [INFO] ApiDb:671 - CubeFinder database FW Pack versions=[FP-ATR-ASTRA1_V2.0.0, FP-SNS-FLIGHT1_V5.1.0, FP-SNS-MOTENV1_V5.1.0, FP-SNS-MOTENVWB1_V1.5.0, FP-SNS-SMARTAG2_V1.2.0, FP-SNS-STBOX1_V2.1.0, STM32Cube_FW_C0_V1.4.0, STM32Cube_FW_F4_V1.28.3, STM32Cube_FW_F7_V1.17.4, STM32Cube_FW_G0_V1.6.3, STM32Cube_FW_G4_V1.6.2, STM32Cube_FW_H5_V1.6.0, STM32Cube_FW_H7RS_V1.3.0, STM32Cube_FW_H7_V1.13.0, STM32Cube_FW_L0_V1.12.2, STM32Cube_FW_L4_V1.18.2, STM32Cube_FW_L5_V1.6.0, STM32Cube_FW_N6_V1.3.0, STM32Cube_FW_U0_V1.3.0, STM32Cube_FW_U3_V1.3.0, STM32Cube_FW_U5_V1.8.0, STM32Cube_FW_WB0_V1.4.0, STM32Cube_FW_WBA_V1.9.0, STM32Cube_FW_WB_V1.24.0, STM32Cube_FW_WL3_V1.4.0, STM32Cube_FW_WL_V1.5.0, X-CUBE-ALGOBUILD_V1.4.0, X-CUBE-ALS_V1.0.2, X-CUBE-AZRTOS-F4_V1.1.0, X-CUBE-AZRTOS-F7_V1.1.0, X-CUBE-AZRTOS-G0_V1.1.0, X-CUBE-AZRTOS-G4_V2.0.0, X-CUBE-AZRTOS-H7RS_V1.1.0, X-CUBE-AZRTOS-H7_V3.5.0, X-CUBE-AZRTOS-L4_V2.0.0, X-CUBE-AZRTOS-L5_V2.0.0, X-CUBE-AZRTOS-WB_V2.0.0, X-CUBE-AZRTOS-WL_V2.0.0, X-CUBE-BLE1_V7.1.0, X-CUBE-BLE2_V3.3.0, X-CUBE-BLEMGR_V4.1.0, X-CUBE-EEPRMA1_V5.2.0, X-CUBE-FREERTOS_V1.5.0, X-CUBE-GNSS1_V6.0.0, X-CUBE-MEMS1_V12.0.0, X-CUBE-NFC4_V3.0.0, X-CUBE-NFC7_V2.0.0, X-CUBE-SFXS2LP1_V4.0.0, X-CUBE-ST67W61_V1.2.0, X-CUBE-SUBG2_V5.0.0, X-CUBE-TOF1_V3.4.3]
2026-05-18 22:30:29,796 [INFO] DbBoardsSqlite:226 - include board P-NUCLEO-WB55-NUCLEO as a kit item of type 'Nucleo-64'
2026-05-18 22:30:29,797 [INFO] DbBoardsSqlite:226 - include board P-NUCLEO-WB55-USBDONGLE as a kit item of type 'Nucleo USB Dongle'
2026-05-18 22:30:29,797 [INFO] DbBoardsSqlite:226 - include board STEVAL-IDP005V1 as a kit item of type 'Evaluation Board'
2026-05-18 22:30:29,797 [INFO] DbBoardsSqlite:226 - include board STEVAL-IDP005V2 as a kit item of type 'Evaluation Board'
2026-05-18 22:30:29,864 [INFO] ApiDb:240 - Found 895 in-development CPN: [B-G473E-ZEST1S, B-WB1M-WPAN1, B-WBA5M-WPAN, B-WL5M-SUBG1, NUCLEO-C031C6, NUCLEO-C051C8, NUCLEO-C071RB, NUCLEO-C092RC, NUCLEO-H503RB, NUCLEO-H533RE, NUCLEO-H563ZI, NUCLEO-H7S3L8, NUCLEO-N657X0-Q, NUCLEO-U031R8, NUCLEO-U083RC, NUCLEO-U385RG-Q, NUCLEO-U545RE-Q, NUCLEO-U5A5ZJ-Q, NUCLEO-WB05KZ, NUCLEO-WB07CC, NUCLEO-WB09KE, NUCLEO-WBA52CG, NUCLEO-WBA55CG, NUCLEO-WBA65RI, NUCLEO-WL33CC1, NUCLEO-WL33CC2, STEVAL-PROTEUS1, STEVAL-SMARTAG2, STEVAL-STWINBX1, STM320518-EVAL, STM32C0116-DK, STM32C011D6Y3TR, STM32C011D6Y6TR, STM32C011F4P3, STM32C011F4P6, STM32C011F4U3, STM32C011F4U6TR, STM32C011F6P3, STM32C011F6P6, STM32C011F6U3, STM32C011F6U6TR, STM32C011J4M3, STM32C011J4M6, STM32C011J6M3, STM32C011J6M6, STM32C0316-DK, STM32C031C4T3, STM32C031C4T6, STM32C031C4U3, STM32C031C4U6, STM32C031C6T3, STM32C031C6T6, STM32C031C6U3, STM32C031C6U6, STM32C031F4P3, STM32C031F4P6, STM32C031F6P3, STM32C031F6P6, STM32C031G4U3, STM32C031G4U6, STM32C031G6U3, STM32C031G6U6, STM32C031K4T3, STM32C031K4T6, STM32C031K4U3, STM32C031K4U6, STM32C031K6T3, STM32C031K6T6, STM32C031K6U3, STM32C031K6U6, STM32C051C6T6, STM32C051C6U6, STM32C051C8T6, STM32C051C8U6, STM32C051D8Y6TR, STM32C051F6P6, STM32C051F8P6, STM32C051G6U6, STM32C051G8U6, STM32C051K6T6, STM32C051K6U6, STM32C051K8T6, STM32C071C8T6, STM32C071C8T6N, STM32C071C8U6, STM32C071C8U6N, STM32C071CBT6, STM32C071CBT6N, STM32C071CBU6, STM32C071CBU6N, STM32C071F8P6, STM32C071F8P6N, STM32C071FBP6, STM32C071FBP6N, STM32C071FBY6TR, STM32C071G8U6, STM32C071G8U6N, STM32C071GBU6, STM32C071GBU6N, STM32C071K8T6, STM32C071K8T6N, STM32C071K8U6, STM32C071K8U6N, STM32C071KBT6, STM32C071KBT6N, STM32C071KBU6, STM32C071KBU6N, STM32C071R8T6, STM32C071R8T6N, STM32C071RBI6N, STM32C071RBT6, STM32C071RBT6N, STM32C091CBT6, STM32C091CBU6, STM32C091CCT6, STM32C091CCU6, STM32C091ECY6TR, STM32C091FBP6, STM32C091FCP6, STM32C091GBU6, STM32C091GCU6, STM32C091KBT6, STM32C091KBU6, STM32C091KCT6, STM32C091KCU6, STM32C091RBT6, STM32C091RCI6, STM32C091RCT6, STM32C092CBT6, STM32C092CBU6, STM32C092CCT6, STM32C092CCU6, STM32C092ECY6TR, STM32C092FBP6, STM32C092FCP6, STM32C092GBU6, STM32C092GCU6, STM32C092KBT6, STM32C092KBU6, STM32C092KCT6, STM32C092KCU6, STM32C092RBT6, STM32C092RCI6, STM32C092RCT6, STM32G071K8TXN, STM32G071K8UXN, STM32G081GBU6N, STM32G081KBT6N, STM32G081KBUXN, STM32G0B1CCT6N, STM32G0B1KCT6, STM32G0B1NEY6TR, STM32G0B1RCT6N, STM32G0C1CCT6, STM32G0C1CCT6N, STM32G0C1CCU6N, STM32G0C1CET6N, STM32G0C1CEU6N, STM32G0C1KCT6, STM32G0C1NEY6TR, STM32G0C1RCI6N, STM32G0C1RCT6N, STM32G0C1REI6N, STM32G0C1RET6N, STM32G0C1VCI6, STM32G0C1VEI6, STM32G411C6T3, STM32G411C6T6, STM32G411C6U3, STM32G411C6U6, STM32G411C8T3, STM32G411C8T6, STM32G411C8U3, STM32G411C8U6, STM32G411CBT3, STM32G411CBT6, STM32G411CBU3, STM32G411CBU6, STM32G411CCT3, STM32G411CCT6, STM32G411CCU3, STM32G411CCU6, STM32G411K6T3, STM32G411K6T6, STM32G411K6U3, STM32G411K6U6, STM32G411K8T3, STM32G411K8T6, STM32G411K8U3, STM32G411K8U6, STM32G411KBT3, STM32G411KBT6, STM32G411KBU3, STM32G411KBU6, STM32G411M6T3, STM32G411M6T6, STM32G411M8T3, STM32G411M8T6, STM32G411MBT3, STM32G411MBT6, STM32G411MCT3, STM32G411MCT6, STM32G411R6T3, STM32G411R6T6, STM32G411R8T3, STM32G411R8T6, STM32G411RBT3, STM32G411RBT6, STM32G411RCT3, STM32G411RCT6, STM32G414CBT3, STM32G414CBT6, STM32G414CBU3, STM32G414CBU6, STM32G414CCT3, STM32G414CCT6, STM32G414CCU3, STM32G414CCU6, STM32G414MBT3, STM32G414MBT6, STM32G414MCT3, STM32G414MCT6, STM32G414RBT3, STM32G414RBT6, STM32G414RCT3, STM32G414RCT6, STM32G414VBT3, STM32G414VBT6, STM32G414VCT3, STM32G414VCT6, STM32G431CBT3Z, STM32G431RBT3Z, STM32G471CCT6, STM32G471CCU6, STM32G471CET3, STM32G471CET6, STM32G471CEU3, STM32G471CEU6, STM32G471MCT6, STM32G471MET3, STM32G471MET6, STM32G471MEY6TR, STM32G471QCT6, STM32G471QET3, STM32G471RCT6, STM32G471RET3, STM32G471RET6, STM32G471VCH6, STM32G471VCI6, STM32G471VCT6, STM32G471VEH3, STM32G471VEH6, STM32G471VEI3, STM32G471VEI6, STM32G471VET3, STM32G471VET6, STM32G473QET3Z, STM32G473RET3Z, STM32G474CCT6, STM32G491RET3Z, STM32H503CBT6, STM32H503CBU6, STM32H503EBY6TR, STM32H503KBU6, STM32H503RBT6, STM32H523CCT6, STM32H523CCU6, STM32H523CET6, STM32H523CEU6, STM32H523HEY6TR, STM32H523RCT6, STM32H523RET6, STM32H523VCI6, STM32H523VCT6, STM32H523VEI6, STM32H523VET6, STM32H523ZCJ6, STM32H523ZCT6, STM32H523ZEJ6, STM32H523ZET6, STM32H533CET6, STM32H533CEU6, STM32H533HEY6TR, STM32H533RET6, STM32H533VEI6, STM32H533VET6, STM32H533ZEJ6, STM32H533ZET6, STM32H562AGI6, STM32H562AII6, STM32H562IGK6, STM32H562IGT6, STM32H562IIK6, STM32H562IIT6, STM32H562RGT6, STM32H562RGV6, STM32H562RIT6, STM32H562RIV6, STM32H562VGT6, STM32H562VIT6, STM32H562ZGT6, STM32H562ZIT6, STM32H563AGI6, STM32H563AII3Q, STM32H563AII6, STM32H563IGK6, STM32H563IGT6, STM32H563IIK3Q, STM32H563IIK6, STM32H563IIT3Q, STM32H563IIT6, STM32H563MIY3QTR, STM32H563RGT6, STM32H563RGV6, STM32H563RIT6, STM32H563RIV6, STM32H563VGT6, STM32H563VIT3Q, STM32H563VIT6, STM32H563ZGT6, STM32H563ZIT3Q, STM32H563ZIT6, STM32H573AII3Q, STM32H573AII6, STM32H573I-DK, STM32H573IIK3Q, STM32H573IIK6, STM32H573IIT3Q, STM32H573IIT6, STM32H573MIY3QTR, STM32H573RIT6, STM32H573RIV6, STM32H573VIT3Q, STM32H573VIT6, STM32H573ZIT3Q, STM32H573ZIT6, STM32H7R3A8I6, STM32H7R3I8K6, STM32H7R3I8T6, STM32H7R3L8H6, STM32H7R3L8H6H, STM32H7R3R8V6, STM32H7R3V8H6, STM32H7R3V8T6, STM32H7R3V8Y6TR, STM32H7R3Z8J6, STM32H7R3Z8T6, STM32H7R7A8I6, STM32H7R7I8K6, STM32H7R7I8T6, STM32H7R7L8H6, STM32H7R7L8H6H, STM32H7R7Z8J6, STM32H7S3A8I6, STM32H7S3I8K6, STM32H7S3I8T6, STM32H7S3L8H6, STM32H7S3L8H6H, STM32H7S3R8V6, STM32H7S3V8H6, STM32H7S3V8T6, STM32H7S3V8Y6TR, STM32H7S3Z8J6, STM32H7S3Z8T6, STM32H7S78-DK, STM32H7S7A8I6, STM32H7S7I8K6, STM32H7S7I8T6, STM32H7S7L8H6, STM32H7S7L8H6H, STM32H7S7Z8J6, STM32L4R5QGI6STR, STM32MP131AAE3, STM32MP131AAF3, STM32MP131AAG3, STM32MP131CAE3, STM32MP131CAF3, STM32MP131CAG3, STM32MP131DAE7, STM32MP131DAF7, STM32MP131DAG7, STM32MP131FAE7, STM32MP131FAF7, STM32MP131FAG7, STM32MP133AAE3, STM32MP133AAF3, STM32MP133AAG3, STM32MP133CAE3, STM32MP133CAF3, STM32MP133CAG3, STM32MP133DAE7, STM32MP133DAF7, STM32MP133DAG7, STM32MP133FAE7, STM32MP133FAF7, STM32MP133FAG7, STM32MP135AAE3, STM32MP135AAF3, STM32MP135AAG3, STM32MP135CAE3, STM32MP135CAF3, STM32MP135CAG3, STM32MP135DAE7, STM32MP135DAF7, STM32MP135DAG7, STM32MP135F-DK, STM32MP135FAE7, STM32MP135FAF7, STM32MP135FAF7T, STM32MP135FAF7U, STM32MP135FAG7, STM32MP231AAJ3, STM32MP231AAK3, STM32MP231AAL3, STM32MP231CAJ3, STM32MP231CAK3, STM32MP231CAL3, STM32MP231DAJ3, STM32MP231DAK3, STM32MP231DAL3, STM32MP231FAJ3, STM32MP231FAK3, STM32MP231FAL3, STM32MP233AAJ3, STM32MP233AAK3, STM32MP233AAL3, STM32MP233CAJ3, STM32MP233CAK3, STM32MP233CAL3, STM32MP233DAJ3, STM32MP233DAK3, STM32MP233DAL3, STM32MP233FAJ3, STM32MP233FAK3, STM32MP233FAL3, STM32MP235AAJ3, STM32MP235AAK3, STM32MP235AAL3, STM32MP235CAJ3, STM32MP235CAK3, STM32MP235CAL3, STM32MP235DAJ3, STM32MP235DAK3, STM32MP235DAL3, STM32MP235FAJ3, STM32MP235FAK3, STM32MP235FAL3, STM32MP251AAI3, STM32MP251AAJ3, STM32MP251AAK3, STM32MP251AAL3, STM32MP251CAI3, STM32MP251CAJ3, STM32MP251CAK3, STM32MP251CAL3, STM32MP251DAI3, STM32MP251DAJ3, STM32MP251DAK3, STM32MP251DAL3, STM32MP251FAI3, STM32MP251FAJ3, STM32MP251FAK3, STM32MP251FAL3, STM32MP253AAI3, STM32MP253AAJ3, STM32MP253AAK3, STM32MP253AAL3, STM32MP253CAI3, STM32MP253CAJ3, STM32MP253CAK3, STM32MP253CAL3, STM32MP253DAI3, STM32MP253DAJ3, STM32MP253DAK3, STM32MP253DAL3, STM32MP253FAI3, STM32MP253FAJ3, STM32MP253FAK3, STM32MP253FAL3, STM32MP255AAI3, STM32MP255AAJ3, STM32MP255AAK3, STM32MP255AAL3, STM32MP255CAI3, STM32MP255CAJ3, STM32MP255CAK3, STM32MP255CAL3, STM32MP255DAI3, STM32MP255DAJ3, STM32MP255DAK3, STM32MP255DAL3, STM32MP255FAI3, STM32MP255FAJ3, STM32MP255FAK3, STM32MP255FAL3, STM32MP257AAI3, STM32MP257AAJ3, STM32MP257AAK3, STM32MP257AAL3, STM32MP257CAI3, STM32MP257CAJ3, STM32MP257CAK3, STM32MP257CAL3, STM32MP257DAI3, STM32MP257DAJ3, STM32MP257DAK3, STM32MP257DAL3, STM32MP257F-DK, STM32MP257F-EV1, STM32MP257FAI3, STM32MP257FAJ3, STM32MP257FAK3, STM32MP257FAL3, STM32N645A0H3Q, STM32N645B0H3Q, STM32N645I0H3Q, STM32N645L0H3Q, STM32N645X0H3Q, STM32N645Z0H3Q, STM32N647A0H3Q, STM32N647B0H3Q, STM32N647I0H3Q, STM32N647L0H3Q, STM32N647X0H3Q, STM32N647Z0H3Q, STM32N655A0H3Q, STM32N655B0H3Q, STM32N655I0H3Q, STM32N655L0H3Q, STM32N655X0H3Q, STM32N655Z0H3Q, STM32N6570-DK, STM32N657A0H3Q, STM32N657B0H3Q, STM32N657I0H3Q, STM32N657L0H3Q, STM32N657X0H3Q, STM32N657Z0H3Q, STM32U031C6T6, STM32U031C6U6, STM32U031C8T6, STM32U031C8U6, STM32U031F4P6, STM32U031F6P6, STM32U031F8P6, STM32U031G6Y6TR, STM32U031G8Y6TR, STM32U031K4U6, STM32U031K6U6, STM32U031K8U6, STM32U031R6I6, STM32U031R6T6, STM32U031R8I6, STM32U031R8T6, STM32U073C8T6, STM32U073C8U6, STM32U073CBT6, STM32U073CBU6, STM32U073CCT6, STM32U073CCU6, STM32U073H8Y6TR, STM32U073HBY6TR, STM32U073HCY6TR, STM32U073K8U6, STM32U073KBU6, STM32U073KCU6, STM32U073M8I6, STM32U073M8T6, STM32U073MBI6, STM32U073MBT6, STM32U073MCI6, STM32U073MCT6, STM32U073R8I6, STM32U073R8T6, STM32U073RBI6, STM32U073RBT6, STM32U073RCI6, STM32U073RCT6, STM32U083C-DK, STM32U083CCT6, STM32U083CCU6, STM32U083HCY6TR, STM32U083KCU6, STM32U083MCI6, STM32U083MCT6, STM32U083RCI6, STM32U083RCT6, STM32U375CET6, STM32U375CET6Q, STM32U375CEU6, STM32U375CEU6Q, STM32U375CEY6QTR, STM32U375CGT6, STM32U375CGT6Q, STM32U375CGU6, STM32U375CGU6Q, STM32U375CGY6QTR, STM32U375KEU6, STM32U375KGU6, STM32U375REI6, STM32U375REI6Q, STM32U375RET6, STM32U375RET6Q, STM32U375REY6GTR, STM32U375REY6QTR, STM32U375RGI6, STM32U375RGI6Q, STM32U375RGT6, STM32U375RGT6Q, STM32U375RGY6GTR, STM32U375RGY6QTR, STM32U375VEI6, STM32U375VEI6Q, STM32U375VET6, STM32U375VET6Q, STM32U375VGI6, STM32U375VGI6Q, STM32U375VGT6, STM32U375VGT6Q, STM32U385CGT6, STM32U385CGT6Q, STM32U385CGU6, STM32U385CGU6Q, STM32U385CGY6QTR, STM32U385KGU6, STM32U385RGI6, STM32U385RGI6Q, STM32U385RGT6, STM32U385RGT6Q, STM32U385RGY6GTR, STM32U385RGY6QTR, STM32U385VGI6, STM32U385VGI6Q, STM32U385VGT6, STM32U385VGT6Q, STM32U535CBT6, STM32U535CBT6Q, STM32U535CBU6, STM32U535CBU6Q, STM32U535CCT6, STM32U535CCT6Q, STM32U535CCU6, STM32U535CCU6Q, STM32U535CET6, STM32U535CET6Q, STM32U535CEU6, STM32U535CEU6Q, STM32U535JEY6QTR, STM32U535NCY6QTR, STM32U535NEY6QTR, STM32U535RBI6, STM32U535RBI6Q, STM32U535RBT6, STM32U535RBT6Q, STM32U535RCI6, STM32U535RCI6Q, STM32U535RCT6, STM32U535RCT6Q, STM32U535REI6, STM32U535REI6Q, STM32U535RET6, STM32U535RET6Q, STM32U535VCI6, STM32U535VCI6Q, STM32U535VCT6, STM32U535VCT6Q, STM32U535VEI6, STM32U535VEI6Q, STM32U535VET6, STM32U535VET6Q, STM32U545CET6, STM32U545CET6Q, STM32U545CEU6, STM32U545CEU6Q, STM32U545JEY6QTR, STM32U545NEY6QTR, STM32U545REI6, STM32U545REI6Q, STM32U545RET6, STM32U545RET6Q, STM32U545VEI6, STM32U545VEI6Q, STM32U545VET6, STM32U545VET6Q, STM32U595AIH6, STM32U595AIH6Q, STM32U595AJH6, STM32U595AJH6Q, STM32U595QII6, STM32U595QII6Q, STM32U595QJI6, STM32U595QJI6Q, STM32U595RIT6, STM32U595RIT6Q, STM32U595RJT6, STM32U595RJT6Q, STM32U595VIT6, STM32U595VIT6Q, STM32U595VJT6, STM32U595VJT6Q, STM32U595ZIT6, STM32U595ZIT6Q, STM32U595ZIY6QTR, STM32U595ZJT6, STM32U595ZJT6Q, STM32U595ZJY6QTR, STM32U599BJY6QTR, STM32U599NIH6Q, STM32U599NJH6Q, STM32U599VIT6Q, STM32U599VJT6, STM32U599VJT6Q, STM32U599ZIT6Q, STM32U599ZIY6QTR, STM32U599ZJT6Q, STM32U599ZJY6QTR, STM32U5A5AJH6, STM32U5A5AJH6Q, STM32U5A5QII3Q , STM32U5A5QJI6, STM32U5A5QJI6Q, STM32U5A5RJT6, STM32U5A5RJT6Q, STM32U5A5VJT6, STM32U5A5VJT6Q, STM32U5A5ZJT6, STM32U5A5ZJT6Q, STM32U5A5ZJY6QTR, STM32U5A9BJY6QTR, STM32U5A9J-DK, STM32U5A9NJH6Q, STM32U5A9VJT6Q, STM32U5A9ZJT6Q, STM32U5A9ZJY6QTR, STM32U5F7VIT6, STM32U5F7VIT6Q, STM32U5F7VJT6, STM32U5F7VJT6Q, STM32U5F9BJY6QTR, STM32U5F9NJH6Q, STM32U5F9VIT6Q, STM32U5F9VJT6Q, STM32U5F9ZIJ6QTR, STM32U5F9ZIT6Q, STM32U5F9ZJJ6QTR, STM32U5F9ZJT6Q, STM32U5G7VJT6, STM32U5G7VJT6Q, STM32U5G9BJY6QTR, STM32U5G9J-DK1, STM32U5G9J-DK2, STM32U5G9NJH6Q, STM32U5G9VJT6Q, STM32U5G9ZJJ6QTR, STM32U5G9ZJT6Q, STM32WB05KZV6TR, STM32WB05KZV7TR, STM32WB05TZF6TR, STM32WB05TZF7TR, STM32WB06CCF6TR, STM32WB06CCF7TR, STM32WB06CCV6TR, STM32WB06CCV7TR, STM32WB06KCV6TR, STM32WB06KCV7TR, STM32WB07CCF6TR, STM32WB07CCF7TR, STM32WB07CCV6TR, STM32WB07CCV7TR, STM32WB07KCV6TR, STM32WB07KCV7TR, STM32WB09KEV6TR, STM32WB09KEV7TR, STM32WB09TEF6TR, STM32WB09TEF7TR, STM32WB1MMCH6, STM32WBA50KGU6, STM32WBA50KGU6TR, STM32WBA52CEU6, STM32WBA52CEU6TR, STM32WBA52CEU7, STM32WBA52CEU7TR, STM32WBA52CGU6, STM32WBA52CGU6TR, STM32WBA52CGU6U, STM32WBA52CGU7, STM32WBA52CGU7TR, STM32WBA52KEU6, STM32WBA52KEU6TR, STM32WBA52KGU6, STM32WBA52KGU6TR, STM32WBA54CEU6, STM32WBA54CEU6TR, STM32WBA54CEU7, STM32WBA54CEU7TR, STM32WBA54CGU6, STM32WBA54CGU6TR, STM32WBA54CGU7, STM32WBA54CGU7TR, STM32WBA54KEU6, STM32WBA54KEU6TR, STM32WBA54KEU7, STM32WBA54KEU7TR, STM32WBA54KGU6, STM32WBA54KGU6TR, STM32WBA54KGU7, STM32WBA54KGU7TR, STM32WBA55CEU6, STM32WBA55CEU6TR, STM32WBA55CEU7, STM32WBA55CEU7TR, STM32WBA55CGU6, STM32WBA55CGU6TR, STM32WBA55CGU6U, STM32WBA55CGU7, STM32WBA55CGU7TR, STM32WBA55G-DK1, STM32WBA55HEF6, STM32WBA55HEF7, STM32WBA55HGF6, STM32WBA55HGF7, STM32WBA55UEI6, STM32WBA55UEI6TR, STM32WBA55UEI7, STM32WBA55UEI7TR, STM32WBA55UGI6, STM32WBA55UGI6TR, STM32WBA55UGI7, STM32WBA55UGI7TR, STM32WBA5MJGH6TR, STM32WBA62CGU6, STM32WBA62CIU6, STM32WBA62MGF6, STM32WBA62MIF6, STM32WBA62PGI6, STM32WBA62PII6, STM32WBA63CGU6, STM32WBA63CGU7, STM32WBA63CIU6, STM32WBA63CIU7, STM32WBA64CGU6, STM32WBA64CGU7, STM32WBA64CIU6, STM32WBA64CIU7, STM32WBA65CGU6, STM32WBA65CGU7, STM32WBA65CIU6, STM32WBA65CIU7, STM32WBA65I-DK1, STM32WBA65MGF6, STM32WBA65MGF7, STM32WBA65MIF6, STM32WBA65MIF7, STM32WBA65PGI6, STM32WBA65PGI7, STM32WBA65PII6, STM32WBA65PII7, STM32WBA65RGV6, STM32WBA65RGV7, STM32WBA65RIV6, STM32WBA65RIV7, STM32WL30K8V6, STM32WL30KBV6, STM32WL31C8V6, STM32WL31CBV6, STM32WL31K8V6, STM32WL31KBV6, STM32WL33C8V6, STM32WL33C8V6TR, STM32WL33C8V7, STM32WL33C8V7TR, STM32WL33CBV6, STM32WL33CBV6TR, STM32WL33CBV7, STM32WL33CBV7TR, STM32WL33CCV6, STM32WL33CCV6TR, STM32WL33CCV7, STM32WL33CCV7A, STM32WL33CCV7ATR, STM32WL33CCV7TR, STM32WL33K8V6, STM32WL33K8V6TR, STM32WL33K8V7, STM32WL33K8V7TR, STM32WL33KBV6, STM32WL33KBV6TR, STM32WL33KBV7, STM32WL33KBV7TR, STM32WL33KCV6, STM32WL33KCV6TR, STM32WL33KCV7, STM32WL33KCV7TR, STM32WL5MOCH6, STM32WL5MOCH6TR]
2026-05-18 22:30:29,869 [INFO] ApiDb:668 - CubeFinder database Data Model version=2.1
2026-05-18 22:30:29,869 [INFO] ApiDb:669 - CubeFinder database Configuration version=3.0.42
2026-05-18 22:30:29,869 [INFO] ApiDb:670 - CubeFinder database generation date=2026-05-06 (1778060171)
2026-05-18 22:30:29,869 [INFO] ApiDb:671 - CubeFinder database FW Pack versions=[FP-ATR-ASTRA1_V2.0.0, FP-SNS-FLIGHT1_V5.1.0, FP-SNS-MOTENV1_V5.1.0, FP-SNS-MOTENVWB1_V1.5.0, FP-SNS-SMARTAG2_V1.2.0, FP-SNS-STBOX1_V2.1.0, STM32Cube_FW_C0_V1.4.0, STM32Cube_FW_F4_V1.28.3, STM32Cube_FW_F7_V1.17.4, STM32Cube_FW_G0_V1.6.3, STM32Cube_FW_G4_V1.6.2, STM32Cube_FW_H5_V1.6.0, STM32Cube_FW_H7RS_V1.3.0, STM32Cube_FW_H7_V1.13.0, STM32Cube_FW_L0_V1.12.2, STM32Cube_FW_L4_V1.18.2, STM32Cube_FW_L5_V1.6.0, STM32Cube_FW_N6_V1.3.0, STM32Cube_FW_U0_V1.3.0, STM32Cube_FW_U3_V1.3.0, STM32Cube_FW_U5_V1.8.0, STM32Cube_FW_WB0_V1.4.0, STM32Cube_FW_WBA_V1.9.0, STM32Cube_FW_WB_V1.24.0, STM32Cube_FW_WL3_V1.4.0, STM32Cube_FW_WL_V1.5.0, X-CUBE-ALGOBUILD_V1.4.0, X-CUBE-ALS_V1.0.2, X-CUBE-AZRTOS-F4_V1.1.0, X-CUBE-AZRTOS-F7_V1.1.0, X-CUBE-AZRTOS-G0_V1.1.0, X-CUBE-AZRTOS-G4_V2.0.0, X-CUBE-AZRTOS-H7RS_V1.1.0, X-CUBE-AZRTOS-H7_V3.5.0, X-CUBE-AZRTOS-L4_V2.0.0, X-CUBE-AZRTOS-L5_V2.0.0, X-CUBE-AZRTOS-WB_V2.0.0, X-CUBE-AZRTOS-WL_V2.0.0, X-CUBE-BLE1_V7.1.0, X-CUBE-BLE2_V3.3.0, X-CUBE-BLEMGR_V4.1.0, X-CUBE-EEPRMA1_V5.2.0, X-CUBE-FREERTOS_V1.5.0, X-CUBE-GNSS1_V6.0.0, X-CUBE-MEMS1_V12.0.0, X-CUBE-NFC4_V3.0.0, X-CUBE-NFC7_V2.0.0, X-CUBE-SFXS2LP1_V4.0.0, X-CUBE-ST67W61_V1.2.0, X-CUBE-SUBG2_V5.0.0, X-CUBE-TOF1_V3.4.3]
2026-05-18 22:30:31,684 [INFO] ApiDb:240 - Found 895 in-development CPN: [B-G473E-ZEST1S, B-WB1M-WPAN1, B-WBA5M-WPAN, B-WL5M-SUBG1, NUCLEO-C031C6, NUCLEO-C051C8, NUCLEO-C071RB, NUCLEO-C092RC, NUCLEO-H503RB, NUCLEO-H533RE, NUCLEO-H563ZI, NUCLEO-H7S3L8, NUCLEO-N657X0-Q, NUCLEO-U031R8, NUCLEO-U083RC, NUCLEO-U385RG-Q, NUCLEO-U545RE-Q, NUCLEO-U5A5ZJ-Q, NUCLEO-WB05KZ, NUCLEO-WB07CC, NUCLEO-WB09KE, NUCLEO-WBA52CG, NUCLEO-WBA55CG, NUCLEO-WBA65RI, NUCLEO-WL33CC1, NUCLEO-WL33CC2, STEVAL-PROTEUS1, STEVAL-SMARTAG2, STEVAL-STWINBX1, STM320518-EVAL, STM32C0116-DK, STM32C011D6Y3TR, STM32C011D6Y6TR, STM32C011F4P3, STM32C011F4P6, STM32C011F4U3, STM32C011F4U6TR, STM32C011F6P3, STM32C011F6P6, STM32C011F6U3, STM32C011F6U6TR, STM32C011J4M3, STM32C011J4M6, STM32C011J6M3, STM32C011J6M6, STM32C0316-DK, STM32C031C4T3, STM32C031C4T6, STM32C031C4U3, STM32C031C4U6, STM32C031C6T3, STM32C031C6T6, STM32C031C6U3, STM32C031C6U6, STM32C031F4P3, STM32C031F4P6, STM32C031F6P3, STM32C031F6P6, STM32C031G4U3, STM32C031G4U6, STM32C031G6U3, STM32C031G6U6, STM32C031K4T3, STM32C031K4T6, STM32C031K4U3, STM32C031K4U6, STM32C031K6T3, STM32C031K6T6, STM32C031K6U3, STM32C031K6U6, STM32C051C6T6, STM32C051C6U6, STM32C051C8T6, STM32C051C8U6, STM32C051D8Y6TR, STM32C051F6P6, STM32C051F8P6, STM32C051G6U6, STM32C051G8U6, STM32C051K6T6, STM32C051K6U6, STM32C051K8T6, STM32C071C8T6, STM32C071C8T6N, STM32C071C8U6, STM32C071C8U6N, STM32C071CBT6, STM32C071CBT6N, STM32C071CBU6, STM32C071CBU6N, STM32C071F8P6, STM32C071F8P6N, STM32C071FBP6, STM32C071FBP6N, STM32C071FBY6TR, STM32C071G8U6, STM32C071G8U6N, STM32C071GBU6, STM32C071GBU6N, STM32C071K8T6, STM32C071K8T6N, STM32C071K8U6, STM32C071K8U6N, STM32C071KBT6, STM32C071KBT6N, STM32C071KBU6, STM32C071KBU6N, STM32C071R8T6, STM32C071R8T6N, STM32C071RBI6N, STM32C071RBT6, STM32C071RBT6N, STM32C091CBT6, STM32C091CBU6, STM32C091CCT6, STM32C091CCU6, STM32C091ECY6TR, STM32C091FBP6, STM32C091FCP6, STM32C091GBU6, STM32C091GCU6, STM32C091KBT6, STM32C091KBU6, STM32C091KCT6, STM32C091KCU6, STM32C091RBT6, STM32C091RCI6, STM32C091RCT6, STM32C092CBT6, STM32C092CBU6, STM32C092CCT6, STM32C092CCU6, STM32C092ECY6TR, STM32C092FBP6, STM32C092FCP6, STM32C092GBU6, STM32C092GCU6, STM32C092KBT6, STM32C092KBU6, STM32C092KCT6, STM32C092KCU6, STM32C092RBT6, STM32C092RCI6, STM32C092RCT6, STM32G071K8TXN, STM32G071K8UXN, STM32G081GBU6N, STM32G081KBT6N, STM32G081KBUXN, STM32G0B1CCT6N, STM32G0B1KCT6, STM32G0B1NEY6TR, STM32G0B1RCT6N, STM32G0C1CCT6, STM32G0C1CCT6N, STM32G0C1CCU6N, STM32G0C1CET6N, STM32G0C1CEU6N, STM32G0C1KCT6, STM32G0C1NEY6TR, STM32G0C1RCI6N, STM32G0C1RCT6N, STM32G0C1REI6N, STM32G0C1RET6N, STM32G0C1VCI6, STM32G0C1VEI6, STM32G411C6T3, STM32G411C6T6, STM32G411C6U3, STM32G411C6U6, STM32G411C8T3, STM32G411C8T6, STM32G411C8U3, STM32G411C8U6, STM32G411CBT3, STM32G411CBT6, STM32G411CBU3, STM32G411CBU6, STM32G411CCT3, STM32G411CCT6, STM32G411CCU3, STM32G411CCU6, STM32G411K6T3, STM32G411K6T6, STM32G411K6U3, STM32G411K6U6, STM32G411K8T3, STM32G411K8T6, STM32G411K8U3, STM32G411K8U6, STM32G411KBT3, STM32G411KBT6, STM32G411KBU3, STM32G411KBU6, STM32G411M6T3, STM32G411M6T6, STM32G411M8T3, STM32G411M8T6, STM32G411MBT3, STM32G411MBT6, STM32G411MCT3, STM32G411MCT6, STM32G411R6T3, STM32G411R6T6, STM32G411R8T3, STM32G411R8T6, STM32G411RBT3, STM32G411RBT6, STM32G411RCT3, STM32G411RCT6, STM32G414CBT3, STM32G414CBT6, STM32G414CBU3, STM32G414CBU6, STM32G414CCT3, STM32G414CCT6, STM32G414CCU3, STM32G414CCU6, STM32G414MBT3, STM32G414MBT6, STM32G414MCT3, STM32G414MCT6, STM32G414RBT3, STM32G414RBT6, STM32G414RCT3, STM32G414RCT6, STM32G414VBT3, STM32G414VBT6, STM32G414VCT3, STM32G414VCT6, STM32G431CBT3Z, STM32G431RBT3Z, STM32G471CCT6, STM32G471CCU6, STM32G471CET3, STM32G471CET6, STM32G471CEU3, STM32G471CEU6, STM32G471MCT6, STM32G471MET3, STM32G471MET6, STM32G471MEY6TR, STM32G471QCT6, STM32G471QET3, STM32G471RCT6, STM32G471RET3, STM32G471RET6, STM32G471VCH6, STM32G471VCI6, STM32G471VCT6, STM32G471VEH3, STM32G471VEH6, STM32G471VEI3, STM32G471VEI6, STM32G471VET3, STM32G471VET6, STM32G473QET3Z, STM32G473RET3Z, STM32G474CCT6, STM32G491RET3Z, STM32H503CBT6, STM32H503CBU6, STM32H503EBY6TR, STM32H503KBU6, STM32H503RBT6, STM32H523CCT6, STM32H523CCU6, STM32H523CET6, STM32H523CEU6, STM32H523HEY6TR, STM32H523RCT6, STM32H523RET6, STM32H523VCI6, STM32H523VCT6, STM32H523VEI6, STM32H523VET6, STM32H523ZCJ6, STM32H523ZCT6, STM32H523ZEJ6, STM32H523ZET6, STM32H533CET6, STM32H533CEU6, STM32H533HEY6TR, STM32H533RET6, STM32H533VEI6, STM32H533VET6, STM32H533ZEJ6, STM32H533ZET6, STM32H562AGI6, STM32H562AII6, STM32H562IGK6, STM32H562IGT6, STM32H562IIK6, STM32H562IIT6, STM32H562RGT6, STM32H562RGV6, STM32H562RIT6, STM32H562RIV6, STM32H562VGT6, STM32H562VIT6, STM32H562ZGT6, STM32H562ZIT6, STM32H563AGI6, STM32H563AII3Q, STM32H563AII6, STM32H563IGK6, STM32H563IGT6, STM32H563IIK3Q, STM32H563IIK6, STM32H563IIT3Q, STM32H563IIT6, STM32H563MIY3QTR, STM32H563RGT6, STM32H563RGV6, STM32H563RIT6, STM32H563RIV6, STM32H563VGT6, STM32H563VIT3Q, STM32H563VIT6, STM32H563ZGT6, STM32H563ZIT3Q, STM32H563ZIT6, STM32H573AII3Q, STM32H573AII6, STM32H573I-DK, STM32H573IIK3Q, STM32H573IIK6, STM32H573IIT3Q, STM32H573IIT6, STM32H573MIY3QTR, STM32H573RIT6, STM32H573RIV6, STM32H573VIT3Q, STM32H573VIT6, STM32H573ZIT3Q, STM32H573ZIT6, STM32H7R3A8I6, STM32H7R3I8K6, STM32H7R3I8T6, STM32H7R3L8H6, STM32H7R3L8H6H, STM32H7R3R8V6, STM32H7R3V8H6, STM32H7R3V8T6, STM32H7R3V8Y6TR, STM32H7R3Z8J6, STM32H7R3Z8T6, STM32H7R7A8I6, STM32H7R7I8K6, STM32H7R7I8T6, STM32H7R7L8H6, STM32H7R7L8H6H, STM32H7R7Z8J6, STM32H7S3A8I6, STM32H7S3I8K6, STM32H7S3I8T6, STM32H7S3L8H6, STM32H7S3L8H6H, STM32H7S3R8V6, STM32H7S3V8H6, STM32H7S3V8T6, STM32H7S3V8Y6TR, STM32H7S3Z8J6, STM32H7S3Z8T6, STM32H7S78-DK, STM32H7S7A8I6, STM32H7S7I8K6, STM32H7S7I8T6, STM32H7S7L8H6, STM32H7S7L8H6H, STM32H7S7Z8J6, STM32L4R5QGI6STR, STM32MP131AAE3, STM32MP131AAF3, STM32MP131AAG3, STM32MP131CAE3, STM32MP131CAF3, STM32MP131CAG3, STM32MP131DAE7, STM32MP131DAF7, STM32MP131DAG7, STM32MP131FAE7, STM32MP131FAF7, STM32MP131FAG7, STM32MP133AAE3, STM32MP133AAF3, STM32MP133AAG3, STM32MP133CAE3, STM32MP133CAF3, STM32MP133CAG3, STM32MP133DAE7, STM32MP133DAF7, STM32MP133DAG7, STM32MP133FAE7, STM32MP133FAF7, STM32MP133FAG7, STM32MP135AAE3, STM32MP135AAF3, STM32MP135AAG3, STM32MP135CAE3, STM32MP135CAF3, STM32MP135CAG3, STM32MP135DAE7, STM32MP135DAF7, STM32MP135DAG7, STM32MP135F-DK, STM32MP135FAE7, STM32MP135FAF7, STM32MP135FAF7T, STM32MP135FAF7U, STM32MP135FAG7, STM32MP231AAJ3, STM32MP231AAK3, STM32MP231AAL3, STM32MP231CAJ3, STM32MP231CAK3, STM32MP231CAL3, STM32MP231DAJ3, STM32MP231DAK3, STM32MP231DAL3, STM32MP231FAJ3, STM32MP231FAK3, STM32MP231FAL3, STM32MP233AAJ3, STM32MP233AAK3, STM32MP233AAL3, STM32MP233CAJ3, STM32MP233CAK3, STM32MP233CAL3, STM32MP233DAJ3, STM32MP233DAK3, STM32MP233DAL3, STM32MP233FAJ3, STM32MP233FAK3, STM32MP233FAL3, STM32MP235AAJ3, STM32MP235AAK3, STM32MP235AAL3, STM32MP235CAJ3, STM32MP235CAK3, STM32MP235CAL3, STM32MP235DAJ3, STM32MP235DAK3, STM32MP235DAL3, STM32MP235FAJ3, STM32MP235FAK3, STM32MP235FAL3, STM32MP251AAI3, STM32MP251AAJ3, STM32MP251AAK3, STM32MP251AAL3, STM32MP251CAI3, STM32MP251CAJ3, STM32MP251CAK3, STM32MP251CAL3, STM32MP251DAI3, STM32MP251DAJ3, STM32MP251DAK3, STM32MP251DAL3, STM32MP251FAI3, STM32MP251FAJ3, STM32MP251FAK3, STM32MP251FAL3, STM32MP253AAI3, STM32MP253AAJ3, STM32MP253AAK3, STM32MP253AAL3, STM32MP253CAI3, STM32MP253CAJ3, STM32MP253CAK3, STM32MP253CAL3, STM32MP253DAI3, STM32MP253DAJ3, STM32MP253DAK3, STM32MP253DAL3, STM32MP253FAI3, STM32MP253FAJ3, STM32MP253FAK3, STM32MP253FAL3, STM32MP255AAI3, STM32MP255AAJ3, STM32MP255AAK3, STM32MP255AAL3, STM32MP255CAI3, STM32MP255CAJ3, STM32MP255CAK3, STM32MP255CAL3, STM32MP255DAI3, STM32MP255DAJ3, STM32MP255DAK3, STM32MP255DAL3, STM32MP255FAI3, STM32MP255FAJ3, STM32MP255FAK3, STM32MP255FAL3, STM32MP257AAI3, STM32MP257AAJ3, STM32MP257AAK3, STM32MP257AAL3, STM32MP257CAI3, STM32MP257CAJ3, STM32MP257CAK3, STM32MP257CAL3, STM32MP257DAI3, STM32MP257DAJ3, STM32MP257DAK3, STM32MP257DAL3, STM32MP257F-DK, STM32MP257F-EV1, STM32MP257FAI3, STM32MP257FAJ3, STM32MP257FAK3, STM32MP257FAL3, STM32N645A0H3Q, STM32N645B0H3Q, STM32N645I0H3Q, STM32N645L0H3Q, STM32N645X0H3Q, STM32N645Z0H3Q, STM32N647A0H3Q, STM32N647B0H3Q, STM32N647I0H3Q, STM32N647L0H3Q, STM32N647X0H3Q, STM32N647Z0H3Q, STM32N655A0H3Q, STM32N655B0H3Q, STM32N655I0H3Q, STM32N655L0H3Q, STM32N655X0H3Q, STM32N655Z0H3Q, STM32N6570-DK, STM32N657A0H3Q, STM32N657B0H3Q, STM32N657I0H3Q, STM32N657L0H3Q, STM32N657X0H3Q, STM32N657Z0H3Q, STM32U031C6T6, STM32U031C6U6, STM32U031C8T6, STM32U031C8U6, STM32U031F4P6, STM32U031F6P6, STM32U031F8P6, STM32U031G6Y6TR, STM32U031G8Y6TR, STM32U031K4U6, STM32U031K6U6, STM32U031K8U6, STM32U031R6I6, STM32U031R6T6, STM32U031R8I6, STM32U031R8T6, STM32U073C8T6, STM32U073C8U6, STM32U073CBT6, STM32U073CBU6, STM32U073CCT6, STM32U073CCU6, STM32U073H8Y6TR, STM32U073HBY6TR, STM32U073HCY6TR, STM32U073K8U6, STM32U073KBU6, STM32U073KCU6, STM32U073M8I6, STM32U073M8T6, STM32U073MBI6, STM32U073MBT6, STM32U073MCI6, STM32U073MCT6, STM32U073R8I6, STM32U073R8T6, STM32U073RBI6, STM32U073RBT6, STM32U073RCI6, STM32U073RCT6, STM32U083C-DK, STM32U083CCT6, STM32U083CCU6, STM32U083HCY6TR, STM32U083KCU6, STM32U083MCI6, STM32U083MCT6, STM32U083RCI6, STM32U083RCT6, STM32U375CET6, STM32U375CET6Q, STM32U375CEU6, STM32U375CEU6Q, STM32U375CEY6QTR, STM32U375CGT6, STM32U375CGT6Q, STM32U375CGU6, STM32U375CGU6Q, STM32U375CGY6QTR, STM32U375KEU6, STM32U375KGU6, STM32U375REI6, STM32U375REI6Q, STM32U375RET6, STM32U375RET6Q, STM32U375REY6GTR, STM32U375REY6QTR, STM32U375RGI6, STM32U375RGI6Q, STM32U375RGT6, STM32U375RGT6Q, STM32U375RGY6GTR, STM32U375RGY6QTR, STM32U375VEI6, STM32U375VEI6Q, STM32U375VET6, STM32U375VET6Q, STM32U375VGI6, STM32U375VGI6Q, STM32U375VGT6, STM32U375VGT6Q, STM32U385CGT6, STM32U385CGT6Q, STM32U385CGU6, STM32U385CGU6Q, STM32U385CGY6QTR, STM32U385KGU6, STM32U385RGI6, STM32U385RGI6Q, STM32U385RGT6, STM32U385RGT6Q, STM32U385RGY6GTR, STM32U385RGY6QTR, STM32U385VGI6, STM32U385VGI6Q, STM32U385VGT6, STM32U385VGT6Q, STM32U535CBT6, STM32U535CBT6Q, STM32U535CBU6, STM32U535CBU6Q, STM32U535CCT6, STM32U535CCT6Q, STM32U535CCU6, STM32U535CCU6Q, STM32U535CET6, STM32U535CET6Q, STM32U535CEU6, STM32U535CEU6Q, STM32U535JEY6QTR, STM32U535NCY6QTR, STM32U535NEY6QTR, STM32U535RBI6, STM32U535RBI6Q, STM32U535RBT6, STM32U535RBT6Q, STM32U535RCI6, STM32U535RCI6Q, STM32U535RCT6, STM32U535RCT6Q, STM32U535REI6, STM32U535REI6Q, STM32U535RET6, STM32U535RET6Q, STM32U535VCI6, STM32U535VCI6Q, STM32U535VCT6, STM32U535VCT6Q, STM32U535VEI6, STM32U535VEI6Q, STM32U535VET6, STM32U535VET6Q, STM32U545CET6, STM32U545CET6Q, STM32U545CEU6, STM32U545CEU6Q, STM32U545JEY6QTR, STM32U545NEY6QTR, STM32U545REI6, STM32U545REI6Q, STM32U545RET6, STM32U545RET6Q, STM32U545VEI6, STM32U545VEI6Q, STM32U545VET6, STM32U545VET6Q, STM32U595AIH6, STM32U595AIH6Q, STM32U595AJH6, STM32U595AJH6Q, STM32U595QII6, STM32U595QII6Q, STM32U595QJI6, STM32U595QJI6Q, STM32U595RIT6, STM32U595RIT6Q, STM32U595RJT6, STM32U595RJT6Q, STM32U595VIT6, STM32U595VIT6Q, STM32U595VJT6, STM32U595VJT6Q, STM32U595ZIT6, STM32U595ZIT6Q, STM32U595ZIY6QTR, STM32U595ZJT6, STM32U595ZJT6Q, STM32U595ZJY6QTR, STM32U599BJY6QTR, STM32U599NIH6Q, STM32U599NJH6Q, STM32U599VIT6Q, STM32U599VJT6, STM32U599VJT6Q, STM32U599ZIT6Q, STM32U599ZIY6QTR, STM32U599ZJT6Q, STM32U599ZJY6QTR, STM32U5A5AJH6, STM32U5A5AJH6Q, STM32U5A5QII3Q , STM32U5A5QJI6, STM32U5A5QJI6Q, STM32U5A5RJT6, STM32U5A5RJT6Q, STM32U5A5VJT6, STM32U5A5VJT6Q, STM32U5A5ZJT6, STM32U5A5ZJT6Q, STM32U5A5ZJY6QTR, STM32U5A9BJY6QTR, STM32U5A9J-DK, STM32U5A9NJH6Q, STM32U5A9VJT6Q, STM32U5A9ZJT6Q, STM32U5A9ZJY6QTR, STM32U5F7VIT6, STM32U5F7VIT6Q, STM32U5F7VJT6, STM32U5F7VJT6Q, STM32U5F9BJY6QTR, STM32U5F9NJH6Q, STM32U5F9VIT6Q, STM32U5F9VJT6Q, STM32U5F9ZIJ6QTR, STM32U5F9ZIT6Q, STM32U5F9ZJJ6QTR, STM32U5F9ZJT6Q, STM32U5G7VJT6, STM32U5G7VJT6Q, STM32U5G9BJY6QTR, STM32U5G9J-DK1, STM32U5G9J-DK2, STM32U5G9NJH6Q, STM32U5G9VJT6Q, STM32U5G9ZJJ6QTR, STM32U5G9ZJT6Q, STM32WB05KZV6TR, STM32WB05KZV7TR, STM32WB05TZF6TR, STM32WB05TZF7TR, STM32WB06CCF6TR, STM32WB06CCF7TR, STM32WB06CCV6TR, STM32WB06CCV7TR, STM32WB06KCV6TR, STM32WB06KCV7TR, STM32WB07CCF6TR, STM32WB07CCF7TR, STM32WB07CCV6TR, STM32WB07CCV7TR, STM32WB07KCV6TR, STM32WB07KCV7TR, STM32WB09KEV6TR, STM32WB09KEV7TR, STM32WB09TEF6TR, STM32WB09TEF7TR, STM32WB1MMCH6, STM32WBA50KGU6, STM32WBA50KGU6TR, STM32WBA52CEU6, STM32WBA52CEU6TR, STM32WBA52CEU7, STM32WBA52CEU7TR, STM32WBA52CGU6, STM32WBA52CGU6TR, STM32WBA52CGU6U, STM32WBA52CGU7, STM32WBA52CGU7TR, STM32WBA52KEU6, STM32WBA52KEU6TR, STM32WBA52KGU6, STM32WBA52KGU6TR, STM32WBA54CEU6, STM32WBA54CEU6TR, STM32WBA54CEU7, STM32WBA54CEU7TR, STM32WBA54CGU6, STM32WBA54CGU6TR, STM32WBA54CGU7, STM32WBA54CGU7TR, STM32WBA54KEU6, STM32WBA54KEU6TR, STM32WBA54KEU7, STM32WBA54KEU7TR, STM32WBA54KGU6, STM32WBA54KGU6TR, STM32WBA54KGU7, STM32WBA54KGU7TR, STM32WBA55CEU6, STM32WBA55CEU6TR, STM32WBA55CEU7, STM32WBA55CEU7TR, STM32WBA55CGU6, STM32WBA55CGU6TR, STM32WBA55CGU6U, STM32WBA55CGU7, STM32WBA55CGU7TR, STM32WBA55G-DK1, STM32WBA55HEF6, STM32WBA55HEF7, STM32WBA55HGF6, STM32WBA55HGF7, STM32WBA55UEI6, STM32WBA55UEI6TR, STM32WBA55UEI7, STM32WBA55UEI7TR, STM32WBA55UGI6, STM32WBA55UGI6TR, STM32WBA55UGI7, STM32WBA55UGI7TR, STM32WBA5MJGH6TR, STM32WBA62CGU6, STM32WBA62CIU6, STM32WBA62MGF6, STM32WBA62MIF6, STM32WBA62PGI6, STM32WBA62PII6, STM32WBA63CGU6, STM32WBA63CGU7, STM32WBA63CIU6, STM32WBA63CIU7, STM32WBA64CGU6, STM32WBA64CGU7, STM32WBA64CIU6, STM32WBA64CIU7, STM32WBA65CGU6, STM32WBA65CGU7, STM32WBA65CIU6, STM32WBA65CIU7, STM32WBA65I-DK1, STM32WBA65MGF6, STM32WBA65MGF7, STM32WBA65MIF6, STM32WBA65MIF7, STM32WBA65PGI6, STM32WBA65PGI7, STM32WBA65PII6, STM32WBA65PII7, STM32WBA65RGV6, STM32WBA65RGV7, STM32WBA65RIV6, STM32WBA65RIV7, STM32WL30K8V6, STM32WL30KBV6, STM32WL31C8V6, STM32WL31CBV6, STM32WL31K8V6, STM32WL31KBV6, STM32WL33C8V6, STM32WL33C8V6TR, STM32WL33C8V7, STM32WL33C8V7TR, STM32WL33CBV6, STM32WL33CBV6TR, STM32WL33CBV7, STM32WL33CBV7TR, STM32WL33CCV6, STM32WL33CCV6TR, STM32WL33CCV7, STM32WL33CCV7A, STM32WL33CCV7ATR, STM32WL33CCV7TR, STM32WL33K8V6, STM32WL33K8V6TR, STM32WL33K8V7, STM32WL33K8V7TR, STM32WL33KBV6, STM32WL33KBV6TR, STM32WL33KBV7, STM32WL33KBV7TR, STM32WL33KCV6, STM32WL33KCV6TR, STM32WL33KCV7, STM32WL33KCV7TR, STM32WL5MOCH6, STM32WL5MOCH6TR]
2026-05-18 22:30:31,692 [INFO] DbMcus:218 - Found 5082 MCUs, 4964 are supported
2026-05-18 22:30:31,693 [INFO] ApiDb:423 - Load user favorites file C:\Users\Vivek chadhuvula/.stm32cubeide/favorites.mcus.txt: 0 item(s)
2026-05-18 22:30:31,694 [INFO] ApiDb:427 - User favorites MCUs=[]
2026-05-18 22:30:31,694 [INFO] DbMcus:224 - Set 0 / 0 favorites MCUs
2026-05-18 22:30:32,464 [INFO] BoardInfo:889 - No configuration file found for board NUCLEO-H5E5ZJ
2026-05-18 22:30:32,466 [INFO] DbBoards:161 - Board is not supported: NUCLEO-H5E5ZJ
2026-05-18 22:30:32,541 [INFO] BoardInfo:889 - No configuration file found for board NUCLEO-U3C5ZI-Q
2026-05-18 22:30:32,541 [INFO] DbBoards:161 - Board is not supported: NUCLEO-U3C5ZI-Q
2026-05-18 22:30:32,558 [INFO] BoardInfo:889 - No configuration file found for board NUCLEO-WBA25CE1
2026-05-18 22:30:32,559 [INFO] DbBoards:161 - Board is not supported: NUCLEO-WBA25CE1
2026-05-18 22:30:32,569 [INFO] BoardInfo:889 - No configuration file found for board NUCLEO-WL3RKB1
2026-05-18 22:30:32,571 [INFO] DbBoards:161 - Board is not supported: NUCLEO-WL3RKB1
2026-05-18 22:30:32,572 [INFO] BoardInfo:889 - No configuration file found for board NUCLEO-WL3RKB2
2026-05-18 22:30:32,573 [INFO] DbBoards:161 - Board is not supported: NUCLEO-WL3RKB2
2026-05-18 22:30:32,582 [INFO] BoardInfo:889 - No configuration file found for board P-NUCLEO-WB55
2026-05-18 22:30:32,583 [INFO] DbBoards:161 - Kit is not supported: P-NUCLEO-WB55
2026-05-18 22:30:32,588 [INFO] BoardInfo:889 - No configuration file found for board STEVAL-BFA001V1B
2026-05-18 22:30:32,590 [INFO] DbBoards:161 - Kit is not supported: STEVAL-BFA001V1B
2026-05-18 22:30:32,591 [INFO] BoardInfo:889 - No configuration file found for board STEVAL-BFA001V2B
2026-05-18 22:30:32,592 [INFO] DbBoards:161 - Kit is not supported: STEVAL-BFA001V2B
2026-05-18 22:30:32,732 [INFO] BoardInfo:889 - No configuration file found for board STM32H5F5J-DK
2026-05-18 22:30:32,733 [INFO] DbBoards:161 - Board is not supported: STM32H5F5J-DK
2026-05-18 22:30:32,796 [INFO] BoardInfo:889 - No configuration file found for board STM32MP215F-DK
2026-05-18 22:30:32,797 [INFO] DbBoards:161 - Board is not supported: STM32MP215F-DK
2026-05-18 22:30:32,819 [INFO] DbBoards:168 - Found 218 boards, 208 are supported
2026-05-18 22:30:32,820 [INFO] DbBoards:169 - Found 218 boards, 43 of them is supported for  Bsp
2026-05-18 22:30:32,823 [INFO] ApiDb:423 - Load user favorites file C:\Users\Vivek chadhuvula/.stm32cubeide/favorites.boards.txt: 1 item(s)
2026-05-18 22:30:32,824 [INFO] ApiDb:427 - User favorites Boards=[STM32F407G-DISC1]
2026-05-18 22:30:32,824 [INFO] DbBoards:198 - Set 1 / 1 favorites Boards
2026-05-18 22:30:32,824 [INFO] McuFinderGlobals:76 - Set McuFinderConnectedMode to true
2026-05-18 22:30:32,832 [INFO] MultiScanPanel:200 - Auto-refresh data requested => check proxy status ongoing
2026-05-18 22:30:32,835 [INFO] FinderPluginLoader:95 - Searching for filters in installed packs
2026-05-18 22:30:34,118 [INFO] LoadUrlFilesThread:185 - End of LoadServerUrlFiles without Thread
2026-05-18 22:30:34,147 [INFO] DetailPanel:341 - Set advertising image to C:/Users/Vivek chadhuvula/STM32Cube/Repository/\en.prom-stm32wba2-stm32-nucleo-board-0426.png
2026-05-18 22:30:47,157 [INFO] MainUpdater:2872 - connection check result : 10
2026-05-18 22:30:47,158 [INFO] MainUpdater:2872 - connection check result : 10
2026-05-18 22:30:47,182 [INFO] MicroXplorer:468 - Change Database Path : 
2026-05-18 22:30:47,182 [INFO] MicroXplorer:498 - Change Database Version : DB.6.0.141
2026-05-18 22:30:47,191 [WARN] ThirdParty:871 - waiting for thirdparty lock release [close project]
2026-05-18 22:30:47,191 [INFO] ThirdParty:873 - entering critical section [close project]
2026-05-18 22:30:47,192 [INFO] ThirdParty:883 - exiting critical section [close project]
2026-05-18 22:30:47,194 [INFO] PinOutPanel:1589 - setPackage(No Configuration,No Configuration)
2026-05-18 22:30:47,199 [INFO] UtilMem:75 - Begin LoadConfig() Used Memory: 665073112 Bytes (752877568)
2026-05-18 22:30:47,201 [INFO] MicroXplorer:468 - Change Database Path : 
2026-05-18 22:30:47,201 [INFO] MicroXplorer:498 - Change Database Version : DB.6.0.141
2026-05-18 22:30:47,201 [INFO] OpenFileManager:354 - Change cursor
2026-05-18 22:30:47,255 [INFO] Mcu:2011 - Initializing MCU STM32F407V(E-G)Tx STM32F407VGTx STM32F407VGT6
2026-05-18 22:30:49,103 [INFO] Context:756 - Trying to add GPIOservice into a context  which must be forbidden
2026-05-18 22:30:49,612 [INFO] ImportTextPane:218 - (OptionalMessage_ERROR) Pin35 (VP_RIF_VS_RIF1) cannot be retrieved for this MCU
2026-05-18 22:30:49,737 [INFO] RtosManager:558 - Registered RTOS mode: class=CMSIS, group=RTOS, mode=CMSIS_V1, owner=FREERTOS
2026-05-18 22:30:49,737 [INFO] RtosManager:558 - Registered RTOS mode: class=CMSIS, group=RTOS2, mode=CMSIS_V2, owner=FREERTOS
2026-05-18 22:30:49,737 [INFO] RtosManager:558 - Registered RTOS mode: class=RTOS, group=Core, mode=CMSIS_V1, owner=FREERTOS
2026-05-18 22:30:49,737 [INFO] RtosManager:558 - Registered RTOS mode: class=RTOS, group=Core, mode=CMSIS_V2, owner=FREERTOS
2026-05-18 22:30:49,737 [WARN] ModelIntegratedComponent:184 - Missing modes for component STMicroelectronics:FreeRTOS:0.0.1:STMicroelectronics:RTOS:FreeRTOS:Core:::10.2.0:
2026-05-18 22:30:49,748 [WARN] ModelIntegratedComponent:63 - No mode defined for component null
2026-05-18 22:30:49,748 [WARN] ModelIntegratedComponent:63 - No mode defined for component null
2026-05-18 22:30:49,749 [WARN] ModelIntegratedComponent:63 - No mode defined for component null
2026-05-18 22:30:49,749 [WARN] ModelIntegratedComponent:63 - No mode defined for component null
2026-05-18 22:30:49,749 [WARN] ModelIntegratedComponent:63 - No mode defined for component null
2026-05-18 22:30:49,749 [WARN] ModelIntegratedComponent:63 - No mode defined for component null
2026-05-18 22:30:49,749 [WARN] ModelIntegratedComponent:63 - No mode defined for component null
2026-05-18 22:30:49,749 [WARN] ModelIntegratedComponent:63 - No mode defined for component null
2026-05-18 22:30:49,749 [WARN] ModelIntegratedComponent:63 - No mode defined for component null
2026-05-18 22:30:49,749 [WARN] ModelIntegratedComponent:63 - No mode defined for component null
2026-05-18 22:30:49,749 [WARN] ModelIntegratedComponent:63 - No mode defined for component null
2026-05-18 22:30:49,749 [WARN] ModelIntegratedComponent:63 - No mode defined for component null
2026-05-18 22:30:49,749 [WARN] ModelIntegratedComponent:63 - No mode defined for component null
2026-05-18 22:30:49,749 [WARN] ModelIntegratedComponent:63 - No mode defined for component null
2026-05-18 22:30:49,749 [WARN] ModelIntegratedComponent:63 - No mode defined for component null
2026-05-18 22:30:49,749 [WARN] ModelIntegratedComponent:63 - No mode defined for component null
2026-05-18 22:30:49,749 [WARN] ModelIntegratedComponent:63 - No mode defined for component null
2026-05-18 22:30:49,749 [WARN] ModelIntegratedComponent:63 - No mode defined for component null
2026-05-18 22:30:49,749 [WARN] ModelIntegratedComponent:63 - No mode defined for component null
2026-05-18 22:30:49,749 [WARN] ModelIntegratedComponent:63 - No mode defined for component null
2026-05-18 22:30:49,749 [WARN] ModelIntegratedComponent:63 - No mode defined for component null
2026-05-18 22:30:49,749 [WARN] ModelIntegratedComponent:63 - No mode defined for component null
2026-05-18 22:30:49,749 [WARN] ModelIntegratedComponent:63 - No mode defined for component null
2026-05-18 22:30:49,749 [WARN] ModelIntegratedComponent:63 - No mode defined for component null
2026-05-18 22:30:49,749 [WARN] ModelIntegratedComponent:63 - No mode defined for component null
2026-05-18 22:30:49,749 [WARN] ModelIntegratedComponent:63 - No mode defined for component null
2026-05-18 22:30:49,749 [WARN] ModelIntegratedComponent:63 - No mode defined for component null
2026-05-18 22:30:49,749 [WARN] ModelIntegratedComponent:63 - No mode defined for component null
2026-05-18 22:30:49,749 [WARN] ModelIntegratedComponent:63 - No mode defined for component null
2026-05-18 22:30:49,749 [WARN] ModelIntegratedComponent:63 - No mode defined for component null
2026-05-18 22:30:49,749 [WARN] ModelIntegratedComponent:63 - No mode defined for component null
2026-05-18 22:30:49,749 [WARN] ModelIntegratedComponent:63 - No mode defined for component null
2026-05-18 22:30:49,749 [WARN] ModelIntegratedComponent:63 - No mode defined for component null
2026-05-18 22:30:49,750 [WARN] ModelIntegratedComponent:63 - No mode defined for component null
2026-05-18 22:30:49,750 [WARN] ModelIntegratedComponent:63 - No mode defined for component null
2026-05-18 22:30:49,750 [WARN] ModelPack:524 - Component already loaded: STMicroelectronics:HAL Drivers:0.0.0:STMicroelectronics:Device:STMicro_Driver:XSPI:HAL::0.0.1:HAL_XSPI
2026-05-18 22:30:50,016 [INFO] ThirdPartyModel:298 - Start build external matchings
2026-05-18 22:30:51,052 [INFO] ThirdPartyModel:316 - End build external matchings
2026-05-18 22:30:51,082 [INFO] ImportTextPane:218 - (OptionalMessage_ERROR) IP (RCC) : Parameter (RTCHSEDivFreq_Value) has invalid value (4000000)
2026-05-18 22:30:51,402 [INFO] UtilMem:75 - End LoadConfig() Used Memory: 902904832 Bytes (1073741824)
2026-05-18 22:30:51,508 [WARN] ThirdParty:833 - waiting for thirdparty lock release [change project]
2026-05-18 22:30:51,509 [INFO] ThirdParty:835 - entering critical section [change project]
2026-05-18 22:30:51,509 [INFO] ThirdParty:1030 - CMSIS Pack Vendor :STMicroelectronics X-CUBE-AZRTOS-H7 3.5.0
2026-05-18 22:30:51,509 [INFO] ThirdParty:1030 - CMSIS Pack Vendor :STMicroelectronics X-CUBE-PM33A1 1.0.0
2026-05-18 22:30:51,509 [INFO] ThirdParty:1030 - CMSIS Pack Vendor :STMicroelectronics USBPD 4.1
2026-05-18 22:30:51,509 [INFO] ThirdParty:1030 - CMSIS Pack Vendor :STMicroelectronics USB_HOST 2.0.0
2026-05-18 22:30:51,509 [INFO] ThirdParty:1030 - CMSIS Pack Vendor :STMicroelectronics FP-SNS-MOTENVWB1 1.4.0
2026-05-18 22:30:51,509 [INFO] ThirdParty:1030 - CMSIS Pack Vendor :STMicroelectronics X-CUBE-AZRTOS-F4 1.1.0
2026-05-18 22:30:51,509 [INFO] ThirdParty:1030 - CMSIS Pack Vendor :STMicroelectronics LIBJPEG 8.0.0
2026-05-18 22:30:51,509 [INFO] ThirdParty:1030 - CMSIS Pack Vendor :STMicroelectronics FP-ATR-ASTRA1 2.0.2
2026-05-18 22:30:51,509 [INFO] ThirdParty:1030 - CMSIS Pack Vendor :Avnet-IotConnect X-CUBE-IoTC-DA16k-PMOD 1.0.0
2026-05-18 22:30:51,509 [INFO] ThirdParty:1030 - CMSIS Pack Vendor :STMicroelectronics X-CUBE-SMBUS 2.1.0
2026-05-18 22:30:51,510 [INFO] ThirdParty:1030 - CMSIS Pack Vendor :STMicroelectronics X-CUBE-ISPU 2.1.0
2026-05-18 22:30:51,510 [INFO] ThirdParty:1030 - CMSIS Pack Vendor :STMicroelectronics eDS-WB_DPC_TT-BIDIR 2.1.1
2026-05-18 22:30:51,510 [INFO] ThirdParty:1030 - CMSIS Pack Vendor :STMicroelectronics X-CUBE-ST60 1.0.0
2026-05-18 22:30:51,510 [INFO] ThirdParty:1030 - CMSIS Pack Vendor :STMicroelectronics X-CUBE-NFC12 1.0.0
2026-05-18 22:30:51,510 [INFO] ThirdParty:1030 - CMSIS Pack Vendor :STMicroelectronics X-CUBE-AZRTOS-F7 1.1.0
2026-05-18 22:30:51,510 [INFO] ThirdParty:1030 - CMSIS Pack Vendor :STMicroelectronics X-CUBE-AZRTOS-L5 2.0.0
2026-05-18 22:30:51,510 [INFO] ThirdParty:1030 - CMSIS Pack Vendor :STMicroelectronics USB_DEVICE 2.0.0
2026-05-18 22:30:51,510 [INFO] ThirdParty:1030 - CMSIS Pack Vendor :STMicroelectronics X-CUBE-NFC6 3.1.0
2026-05-18 22:30:51,510 [INFO] ThirdParty:1030 - CMSIS Pack Vendor :STMicroelectronics FreeRTOS 0.0.1
2026-05-18 22:30:51,510 [INFO] ThirdParty:1030 - CMSIS Pack Vendor :STMicroelectronics eDS-WB_DPC_VIENNA 1.2.0
2026-05-18 22:30:51,510 [INFO] ThirdParty:1030 - CMSIS Pack Vendor :STMicroelectronics eDS-WB_DPC_3PH2L-BIDIR 1.1.1
2026-05-18 22:30:51,510 [INFO] ThirdParty:1030 - CMSIS Pack Vendor :Infineon AIROC-Wi-Fi-Bluetooth-STM32 1.7.1
2026-05-18 22:30:51,510 [INFO] ThirdParty:1030 - CMSIS Pack Vendor :STMicroelectronics PDM2PCM 3.3.0
2026-05-18 22:30:51,510 [INFO] ThirdParty:1030 - CMSIS Pack Vendor :STMicroelectronics X-CUBE-AZRTOS-H7 3.4.0
2026-05-18 22:30:51,510 [INFO] ThirdParty:1030 - CMSIS Pack Vendor :STMicroelectronics X-CUBE-DISPLAY 3.0.0
2026-05-18 22:30:51,510 [INFO] ThirdParty:1030 - CMSIS Pack Vendor :STMicroelectronics X-CUBE-GNSS1 7.1.1
2026-05-18 22:30:51,510 [INFO] ThirdParty:1030 - CMSIS Pack Vendor :STMicroelectronics X-CUBE-NFC10 1.0.0
2026-05-18 22:30:51,510 [INFO] ThirdParty:1030 - CMSIS Pack Vendor :STMicroelectronics X-CUBE-FREERTOS 1.3.1
2026-05-18 22:30:51,510 [INFO] ThirdParty:1030 - CMSIS Pack Vendor :STMicroelectronics HAL Drivers 0.0.0
2026-05-18 22:30:51,510 [INFO] ThirdParty:1030 - CMSIS Pack Vendor :STMicroelectronics X-CUBE-ST60 1.1.0
2026-05-18 22:30:51,510 [INFO] ThirdParty:1030 - CMSIS Pack Vendor :emotas I-CUBE-CANOPEN 1.3.0
2026-05-18 22:30:51,510 [INFO] ThirdParty:1030 - CMSIS Pack Vendor :STMicroelectronics MBEDTLS 2.14.1
2026-05-18 22:30:51,510 [INFO] ThirdParty:1030 - CMSIS Pack Vendor :STMicroelectronics X-CUBE-GNSS1 7.1.0
2026-05-18 22:30:51,510 [INFO] ThirdParty:1030 - CMSIS Pack Vendor :STMicroelectronics X-CUBE-TOUCHGFX 4.26.0
2026-05-18 22:30:51,510 [INFO] ThirdParty:1030 - CMSIS Pack Vendor :STMicroelectronics X-CUBE-TOUCHGFX 4.26.1
2026-05-18 22:30:51,510 [INFO] ThirdParty:1030 - CMSIS Pack Vendor :STMicroelectronics FP-SNS-STAIOTCFT 1.0.0
2026-05-18 22:30:51,510 [INFO] ThirdParty:1030 - CMSIS Pack Vendor :STMicroelectronics FP-SNS-SMARTAG2 1.2.0
2026-05-18 22:30:51,511 [INFO] ThirdParty:1030 - CMSIS Pack Vendor :STMicroelectronics FP-SNS-FLIGHT1 5.1.0
2026-05-18 22:30:51,511 [INFO] ThirdParty:1030 - CMSIS Pack Vendor :STMicroelectronics X-CUBE-AZRTOS-WL 2.0.0
2026-05-18 22:30:51,511 [INFO] ThirdParty:1030 - CMSIS Pack Vendor :STMicroelectronics X-CUBE-DPower 1.3.0
2026-05-18 22:30:51,511 [INFO] ThirdParty:1030 - CMSIS Pack Vendor :STMicroelectronics FP-SNS-MOTENV1 5.0.0
2026-05-18 22:30:51,511 [INFO] ThirdParty:1030 - CMSIS Pack Vendor :STMicroelectronics USB_DEVICE 1.0.0
2026-05-18 22:30:51,512 [INFO] ThirdParty:1030 - CMSIS Pack Vendor :STMicroelectronics X-CUBE-AZRTOS-H7RS 1.2.0
2026-05-18 22:30:51,512 [INFO] ThirdParty:1030 - CMSIS Pack Vendor :STMicroelectronics X-CUBE-AZRTOS-L4 2.0.0
2026-05-18 22:30:51,512 [INFO] ThirdParty:1030 - CMSIS Pack Vendor :STMicroelectronics ThreadX 0.0.2
2026-05-18 22:30:51,512 [INFO] ThirdParty:1030 - CMSIS Pack Vendor :WES I-CUBE-Cesium 1.3.0
2026-05-18 22:30:51,512 [INFO] ThirdParty:1030 - CMSIS Pack Vendor :STMicroelectronics lwIP 2.1.2
2026-05-18 22:30:51,512 [INFO] ThirdParty:1030 - CMSIS Pack Vendor :STMicroelectronics X-CUBE-SFXS2LP1 4.0.0
2026-05-18 22:30:51,512 [INFO] ThirdParty:1030 - CMSIS Pack Vendor :STMicroelectronics X-CUBE-BLE2 3.3.0
2026-05-18 22:30:51,512 [INFO] ThirdParty:1030 - CMSIS Pack Vendor :Avnet-IOTCONNECT X-CUBE-iotc-st67-sdk 1.0.0
2026-05-18 22:30:51,512 [INFO] ThirdParty:1030 - CMSIS Pack Vendor :STMicroelectronics PDM2PCM 3.2.0
2026-05-18 22:30:51,512 [INFO] ThirdParty:1030 - CMSIS Pack Vendor :STMicroelectronics X-CUBE-WB05N 2.1.0
2026-05-18 22:30:51,513 [INFO] ThirdParty:1030 - CMSIS Pack Vendor :STMicroelectronics X-CUBE-NFC9 1.0.0
2026-05-18 22:30:51,513 [INFO] ThirdParty:1030 - CMSIS Pack Vendor :wolfSSL I-CUBE-wolfSSL 5.8.2
2026-05-18 22:30:51,513 [INFO] ThirdParty:1030 - CMSIS Pack Vendor :STMicroelectronics X-CUBE-BLE1 7.1.0
2026-05-18 22:30:51,513 [INFO] ThirdParty:1030 - CMSIS Pack Vendor :wolfSSL I-CUBE-wolfMQTT 1.19.2
2026-05-18 22:30:51,513 [INFO] ThirdParty:1030 - CMSIS Pack Vendor :STMicroelectronics USB_DEVICE 3.0.0
2026-05-18 22:30:51,513 [INFO] ThirdParty:1030 - CMSIS Pack Vendor :STMicroelectronics X-CUBE-EEPRMA1 5.2.0
2026-05-18 22:30:51,513 [INFO] ThirdParty:1030 - CMSIS Pack Vendor :STMicroelectronics X-CUBE-BLEMGR 4.1.0
2026-05-18 22:30:51,513 [INFO] ThirdParty:1030 - CMSIS Pack Vendor :STMicroelectronics X-CUBE-AZRTOS-WB 2.0.0
2026-05-18 22:30:51,513 [INFO] ThirdParty:1030 - CMSIS Pack Vendor :STMicroelectronics X-CUBE-GNSS1 7.0.1
2026-05-18 22:30:51,513 [INFO] ThirdParty:1030 - CMSIS Pack Vendor :STMicroelectronics X-CUBE-TOUCHGFX 4.25.0
2026-05-18 22:30:51,513 [INFO] ThirdParty:1030 - CMSIS Pack Vendor :STMicroelectronics X-CUBE-AI 10.1.0
2026-05-18 22:30:51,513 [INFO] ThirdParty:1030 - CMSIS Pack Vendor :STMicroelectronics FP-SNS-STBOX1 2.0.0
2026-05-18 22:30:51,513 [INFO] ThirdParty:1030 - CMSIS Pack Vendor :quantropi X-CUBE-qispace-sdk-base 2.1.0
2026-05-18 22:30:51,513 [INFO] ThirdParty:1030 - CMSIS Pack Vendor :STMicroelectronics X-CUBE-MEMS1 12.0.0
2026-05-18 22:30:51,513 [INFO] ThirdParty:1030 - CMSIS Pack Vendor :STMicroelectronics X-CUBE-STSE01 2.0.0
2026-05-18 22:30:51,513 [INFO] ThirdParty:1030 - CMSIS Pack Vendor :STMicroelectronics X-CUBE-AZRTOS-G0 1.1.0
2026-05-18 22:30:51,513 [INFO] ThirdParty:1030 - CMSIS Pack Vendor :STMicroelectronics X-CUBE-SAFEA1 1.2.2
2026-05-18 22:30:51,513 [INFO] ThirdParty:1030 - CMSIS Pack Vendor :STMicroelectronics X-CUBE-NFC4 3.0.0
2026-05-18 22:30:51,514 [INFO] ThirdParty:1030 - CMSIS Pack Vendor :STMicroelectronics X-CUBE-SUBG2 5.0.0
2026-05-18 22:30:51,514 [INFO] ThirdParty:1030 - CMSIS Pack Vendor :STMicroelectronics X-CUBE-AZRTOS-H7RS 1.1.0
2026-05-18 22:30:51,514 [INFO] ThirdParty:1030 - CMSIS Pack Vendor :STMicroelectronics STM32_WPAN 1.0.0
2026-05-18 22:30:51,514 [INFO] ThirdParty:1030 - CMSIS Pack Vendor :EmbeddedOffice I-CUBE-FS-RTOS 1.0.1
2026-05-18 22:30:51,514 [INFO] ThirdParty:1030 - CMSIS Pack Vendor :STMicroelectronics lwIP 2.0.3
2026-05-18 22:30:51,514 [INFO] ThirdParty:1030 - CMSIS Pack Vendor :Cesanta I-CUBE-Mongoose 7.13.0
2026-05-18 22:30:51,514 [INFO] ThirdParty:1030 - CMSIS Pack Vendor :STMicroelectronics USB_HOST 1.0.0
2026-05-18 22:30:51,514 [INFO] ThirdParty:1030 - CMSIS Pack Vendor :STMicroelectronics X-CUBE-AZRTOS-G4 2.0.0
2026-05-18 22:30:51,514 [INFO] ThirdParty:1030 - CMSIS Pack Vendor :STMicroelectronics X-CUBE-WB05N 2.0.0
2026-05-18 22:30:51,514 [INFO] ThirdParty:1030 - CMSIS Pack Vendor :STMicroelectronics PDM2PCM 3.1.0
2026-05-18 22:30:51,514 [INFO] ThirdParty:1030 - CMSIS Pack Vendor :wolfSSL I-CUBE-wolfTPM 3.8.0
2026-05-18 22:30:51,514 [INFO] ThirdParty:1030 - CMSIS Pack Vendor :wolfSSL I-CUBE-wolfSSH 1.4.20
2026-05-18 22:30:51,514 [INFO] ThirdParty:1030 - CMSIS Pack Vendor :STMicroelectronics X-CUBE-NFC7 2.0.0
2026-05-18 22:30:51,514 [INFO] ThirdParty:1030 - CMSIS Pack Vendor :STMicroelectronics X-CUBE-TCPP 4.2.0
2026-05-18 22:30:51,514 [INFO] ThirdParty:1030 - CMSIS Pack Vendor :RealThread X-CUBE-RT-Thread_Nano 4.1.1
2026-05-18 22:30:51,514 [INFO] ThirdParty:1030 - CMSIS Pack Vendor :STMicroelectronics FP-ATR-SIGFOX1 3.2.0
2026-05-18 22:30:51,515 [INFO] ThirdParty:1030 - CMSIS Pack Vendor :STMicroelectronics MBEDTLS 2.16.2
2026-05-18 22:30:51,515 [INFO] ThirdParty:1030 - CMSIS Pack Vendor :STMicroelectronics X-CUBE-IPS 3.1.0
2026-05-18 22:30:51,515 [INFO] ThirdParty:1030 - CMSIS Pack Vendor :STMicroelectronics X-CUBE-ALS 1.0.2
2026-05-18 22:30:51,515 [INFO] ThirdParty:1030 - CMSIS Pack Vendor :ITTIA_DB I-CUBE-ITTIADB 8.9.0
2026-05-18 22:30:51,515 [INFO] ThirdParty:1030 - CMSIS Pack Vendor :STMicroelectronics X-CUBE-STSE01 1.0.0
2026-05-18 22:30:51,515 [INFO] ThirdParty:1030 - CMSIS Pack Vendor :portGmbH I-Cube-SoM-uGOAL 1.1.0
2026-05-18 22:30:51,515 [INFO] ThirdParty:1030 - CMSIS Pack Vendor :STMicroelectronics X-CUBE-NFC6 3.2.0
2026-05-18 22:30:51,515 [INFO] ThirdParty:1030 - CMSIS Pack Vendor :STMicroelectronics X-CUBE-ST67W61 1.0.0
2026-05-18 22:30:51,515 [INFO] ThirdParty:1030 - CMSIS Pack Vendor :STMicroelectronics X-CUBE-AI 10.2.0
2026-05-18 22:30:51,515 [INFO] ThirdParty:1030 - CMSIS Pack Vendor :STMicroelectronics ThreadX 1.0.0
2026-05-18 22:30:51,515 [INFO] ThirdParty:1030 - CMSIS Pack Vendor :STMicroelectronics X-CUBE-MEMS1 12.1.0
2026-05-18 22:30:51,515 [INFO] ThirdParty:1030 - CMSIS Pack Vendor :SEGGER I-CUBE-embOS 1.3.1
2026-05-18 22:30:51,515 [INFO] ThirdParty:1030 - CMSIS Pack Vendor :STMicroelectronics X-CUBE-ALGOBUILD 1.4.0
2026-05-18 22:30:51,515 [INFO] ThirdParty:1030 - CMSIS Pack Vendor :STMicroelectronics X-CUBE-MEMS1 11.3.0
2026-05-18 22:30:51,515 [INFO] ThirdParty:1030 - CMSIS Pack Vendor :STMicroelectronics X-CUBE-TOF1 3.4.3
2026-05-18 22:30:51,515 [INFO] ThirdParty:841 - exiting critical section [change project]
2026-05-18 22:30:51,906 [INFO] PinOutPanel:1589 - setPackage(No Configuration,No Configuration)
2026-05-18 22:30:51,908 [INFO] PinOutPanel:1589 - setPackage(STM32F407VGTx,LQFP100)
2026-05-18 22:30:52,366 [INFO] UtilMem:75 - Before build in PCC Used Memory: 509603176 Bytes (1073741824)
2026-05-18 22:30:53,164 [INFO] UtilMem:75 - After build in PCC Used Memory: 616686608 Bytes (1073741824)
2026-05-18 22:30:53,255 [INFO] ApiDbMcu:508 - Load IP Config File for USB_HOST
2026-05-18 22:30:53,256 [WARN] BspModel:444 - BSP dependency skipped because of component: name='IOExpander', api='Unknown'
2026-05-18 22:30:53,284 [INFO] IPUIPlugin:80 - create IPUIPlugin
2026-05-18 22:30:53,284 [INFO] IPUIPlugin:80 - create IPUIPlugin
2026-05-18 22:30:53,284 [INFO] IPUIPlugin:80 - create IPUIPlugin
2026-05-18 22:30:53,284 [INFO] IPUIPlugin:80 - create IPUIPlugin
2026-05-18 22:30:53,284 [INFO] IPUIPlugin:80 - create IPUIPlugin
2026-05-18 22:30:53,285 [INFO] IPUIPlugin:80 - create IPUIPlugin
2026-05-18 22:30:53,285 [INFO] IPUIPlugin:80 - create IPUIPlugin
2026-05-18 22:30:53,285 [INFO] IPUIPlugin:80 - create IPUIPlugin
2026-05-18 22:30:53,285 [INFO] IPUIPlugin:80 - create IPUIPlugin
2026-05-18 22:30:53,285 [INFO] IPUIPlugin:80 - create IPUIPlugin
2026-05-18 22:30:53,285 [INFO] IPUIPlugin:80 - create IPUIPlugin
2026-05-18 22:30:53,285 [INFO] IPUIPlugin:80 - create IPUIPlugin
2026-05-18 22:30:53,285 [INFO] IPUIPlugin:80 - create IPUIPlugin
2026-05-18 22:30:53,285 [INFO] IPUIPlugin:80 - create IPUIPlugin
2026-05-18 22:30:53,285 [INFO] IPUIPlugin:80 - create IPUIPlugin
2026-05-18 22:30:53,286 [INFO] IPUIPlugin:80 - create IPUIPlugin
2026-05-18 22:30:53,286 [INFO] IPUIPlugin:80 - create IPUIPlugin
2026-05-18 22:30:53,286 [INFO] IPUIPlugin:80 - create IPUIPlugin
2026-05-18 22:30:53,286 [INFO] IPUIPlugin:80 - create IPUIPlugin
2026-05-18 22:30:53,286 [INFO] IPUIPlugin:80 - create IPUIPlugin
2026-05-18 22:30:53,286 [INFO] IPUIPlugin:80 - create IPUIPlugin
2026-05-18 22:30:53,286 [INFO] IPUIPlugin:80 - create IPUIPlugin
2026-05-18 22:30:53,286 [INFO] IPUIPlugin:80 - create IPUIPlugin
2026-05-18 22:30:53,287 [INFO] IPUIPlugin:80 - create IPUIPlugin
2026-05-18 22:30:53,287 [INFO] IPUIPlugin:80 - create IPUIPlugin
2026-05-18 22:30:53,287 [INFO] IPUIPlugin:80 - create IPUIPlugin
2026-05-18 22:30:53,287 [INFO] IPUIPlugin:80 - create IPUIPlugin
2026-05-18 22:30:53,288 [INFO] IPUIPlugin:80 - create IPUIPlugin
2026-05-18 22:30:53,288 [INFO] IPUIPlugin:80 - create IPUIPlugin
2026-05-18 22:30:53,288 [INFO] IPUIPlugin:80 - create IPUIPlugin
2026-05-18 22:30:53,288 [INFO] IPUIPlugin:80 - create IPUIPlugin
2026-05-18 22:30:53,288 [INFO] IPUIPlugin:80 - create IPUIPlugin
2026-05-18 22:30:53,288 [INFO] IPUIPlugin:80 - create IPUIPlugin
2026-05-18 22:30:53,288 [INFO] IPUIPlugin:80 - create IPUIPlugin
2026-05-18 22:30:53,288 [INFO] IPUIPlugin:80 - create IPUIPlugin
2026-05-18 22:30:53,289 [INFO] IPUIPlugin:80 - create IPUIPlugin
2026-05-18 22:30:53,289 [INFO] IPUIPlugin:80 - create IPUIPlugin
2026-05-18 22:30:53,289 [INFO] IPUIPlugin:80 - create IPUIPlugin
2026-05-18 22:30:53,289 [INFO] IPUIPlugin:80 - create IPUIPlugin
2026-05-18 22:30:53,289 [INFO] IPUIPlugin:80 - create IPUIPlugin
2026-05-18 22:30:53,289 [INFO] IPUIPlugin:80 - create IPUIPlugin
2026-05-18 22:30:53,289 [INFO] IPUIPlugin:80 - create IPUIPlugin
2026-05-18 22:30:53,289 [INFO] IPUIPlugin:80 - create IPUIPlugin
2026-05-18 22:30:53,290 [INFO] IPUIPlugin:80 - create IPUIPlugin
2026-05-18 22:30:53,290 [INFO] IPUIPlugin:80 - create IPUIPlugin
2026-05-18 22:30:53,290 [INFO] IPUIPlugin:80 - create IPUIPlugin
2026-05-18 22:30:53,290 [INFO] IPUIPlugin:80 - create IPUIPlugin
2026-05-18 22:30:53,290 [INFO] IPUIPlugin:80 - create IPUIPlugin
2026-05-18 22:30:53,290 [INFO] IPUIPlugin:80 - create IPUIPlugin
2026-05-18 22:30:53,291 [INFO] IPUIPlugin:80 - create IPUIPlugin
2026-05-18 22:30:53,291 [INFO] IPUIPlugin:80 - create IPUIPlugin
2026-05-18 22:30:53,291 [INFO] IPUIPlugin:80 - create IPUIPlugin
2026-05-18 22:30:53,292 [INFO] IPUIPlugin:80 - create IPUIPlugin
2026-05-18 22:30:53,292 [INFO] IPUIPlugin:80 - create IPUIPlugin
2026-05-18 22:30:53,293 [INFO] IPUIPlugin:80 - create IPUIPlugin
2026-05-18 22:30:53,293 [INFO] IPUIPlugin:80 - create IPUIPlugin
2026-05-18 22:30:53,293 [INFO] IPUIPlugin:80 - create IPUIPlugin
2026-05-18 22:30:53,293 [INFO] IPUIPlugin:80 - create IPUIPlugin
2026-05-18 22:30:53,303 [INFO] ApiDbMcu:508 - Load IP Config File for PDM2PCM
2026-05-18 22:30:53,312 [WARN] IP:2250 - I2C_Coeff_DF not found: check if there is a RefParameter without a condition.
2026-05-18 22:30:53,312 [WARN] IP:2250 - Analog_Filter not found: check if there is a RefParameter without a condition.
2026-05-18 22:30:53,321 [INFO] I2sManager:658 - 9.6E7
2026-05-18 22:30:53,321 [INFO] I2sManager:195 - I2S Clock Value : 9.6E7
2026-05-18 22:30:53,324 [INFO] I2sManager:553 - AudioClock : 93750Divider : 2Odd : 0
2026-05-18 22:30:53,518 [INFO] CADModel:165 - CPN selected for project levelSTM32F407VGT6
2026-05-18 22:30:53,518 [INFO] CADModel:114 - Register for checkConnection events
2026-05-18 22:30:53,563 [INFO] OpenFileManager:385 - Restore cursor
2026-05-18 22:30:53,722 [WARN] IP:2250 - I2C_Coeff_DF not found: check if there is a RefParameter without a condition.
2026-05-18 22:30:53,722 [WARN] IP:2250 - Analog_Filter not found: check if there is a RefParameter without a condition.
2026-05-18 22:30:53,722 [WARN] IP:2250 - I2C_Coeff_DF not found: check if there is a RefParameter without a condition.
2026-05-18 22:30:53,722 [WARN] IP:2250 - Analog_Filter not found: check if there is a RefParameter without a condition.
2026-05-18 22:30:54,509 [INFO] UtilMem:75 - End SaveConfig() Used Memory: 825758064 Bytes (1073741824)
2026-05-18 22:30:54,618 [INFO] UtilMem:75 - End SaveConfig() Used Memory: 863896056 Bytes (1073741824)
2026-05-18 22:30:55,099 [INFO] BlockDiagram:2775 - set Specific Code input for plugin: SPI
2026-05-18 22:30:55,099 [INFO] BlockDiagram:2775 - set Specific Code input for plugin: I2S
2026-05-18 22:30:55,100 [INFO] BlockDiagram:2775 - set Specific Code input for plugin: SYS
2026-05-18 22:30:55,100 [INFO] BlockDiagram:2775 - set Specific Code input for plugin: RCC
2026-05-18 22:30:55,100 [INFO] BlockDiagram:2775 - set Specific Code input for plugin: I2C
2026-05-18 22:30:55,100 [INFO] BlockDiagram:2775 - set Specific Code input for plugin: USB_OTG_FS
2026-05-18 22:30:55,101 [INFO] BlockDiagram:2775 - set Specific Code input for plugin: NVIC
2026-05-18 22:30:55,101 [INFO] BlockDiagram:2775 - set Specific Code input for plugin: USB_HOST
2026-05-18 22:30:55,101 [INFO] BlockDiagram:2775 - set Specific Code input for plugin: GPIO
2026-05-18 22:30:55,103 [INFO] CodeGenerator:882 - code generatio: config db path: C:\ST\STM32CubeIDE_1.18.1\STM32CubeIDE\plugins\com.st.stm32cube.common.mx_6.14.1.202504091515\\db\
2026-05-18 22:30:55,110 [WARN] IP:2250 - I2C_Coeff_DF not found: check if there is a RefParameter without a condition.
2026-05-18 22:30:55,110 [WARN] IP:2250 - Analog_Filter not found: check if there is a RefParameter without a condition.
2026-05-18 22:30:55,274 [INFO] CodeEngine:263 - oldGeneratedFile, D:\PP\STM32\OTA\OTA\MXTmpFiles\license.tmp_save
2026-05-18 22:30:55,620 [INFO] CodeEngine:287 - Generated code: D:\PP\STM32\OTA\OTA\MXTmpFiles\license.tmp
2026-05-18 22:30:55,701 [INFO] CodeEngine:263 - oldGeneratedFile, D:\PP\STM32\OTA\OTA\MXTmpFiles\gpio.tmp_save
2026-05-18 22:30:55,823 [INFO] CodeEngine:287 - Generated code: D:\PP\STM32\OTA\OTA\MXTmpFiles\gpio.tmp
2026-05-18 22:30:55,908 [WARN] IPConfigManager:3217 - Warning: the RefConfig PWREx_EnableUSBVoltageDetector is not available in your config.xml file
2026-05-18 22:30:55,918 [INFO] CodeEngine:263 - oldGeneratedFile, D:\PP\STM32\OTA\OTA\MXTmpFiles\usb_otg_fs_vars.tmp_save
2026-05-18 22:30:56,003 [INFO] CodeEngine:287 - Generated code: D:\PP\STM32\OTA\OTA\MXTmpFiles\usb_otg_fs_vars.tmp
2026-05-18 22:30:56,008 [INFO] CodeEngine:263 - oldGeneratedFile, D:\PP\STM32\OTA\OTA\MXTmpFiles\usb_otg_fs_inc.tmp_save
2026-05-18 22:30:56,081 [INFO] CodeEngine:287 - Generated code: D:\PP\STM32\OTA\OTA\MXTmpFiles\usb_otg_fs_inc.tmp
2026-05-18 22:30:56,084 [INFO] CodeEngine:263 - oldGeneratedFile, D:\PP\STM32\OTA\OTA\MXTmpFiles\usb_otg_fs_HalInit.tmp_save
2026-05-18 22:30:56,175 [INFO] CodeEngine:287 - Generated code: D:\PP\STM32\OTA\OTA\MXTmpFiles\usb_otg_fs_HalInit.tmp
2026-05-18 22:30:56,179 [INFO] CodeEngine:263 - oldGeneratedFile, D:\PP\STM32\OTA\OTA\MXTmpFiles\usb_otg_fs_Msp.tmp_save
2026-05-18 22:30:56,268 [INFO] CodeEngine:287 - Generated code: D:\PP\STM32\OTA\OTA\MXTmpFiles\usb_otg_fs_Msp.tmp
2026-05-18 22:30:56,570 [INFO] CodeEngine:263 - oldGeneratedFile, D:\PP\STM32\OTA\OTA\USB_HOST\App\usb_host.c_save
2026-05-18 22:30:56,660 [INFO] CodeEngine:287 - Generated code: D:\PP\STM32\OTA\OTA\USB_HOST\App\usb_host.c
2026-05-18 22:30:56,664 [INFO] CodeEngine:263 - oldGeneratedFile, D:\PP\STM32\OTA\OTA\USB_HOST\App\usb_host.h_save
2026-05-18 22:30:56,716 [INFO] CodeEngine:287 - Generated code: D:\PP\STM32\OTA\OTA\USB_HOST\App\usb_host.h
2026-05-18 22:30:56,722 [INFO] CodeEngine:263 - oldGeneratedFile, D:\PP\STM32\OTA\OTA\USB_HOST\Target\usbh_conf.h_save
2026-05-18 22:30:56,796 [INFO] CodeEngine:287 - Generated code: D:\PP\STM32\OTA\OTA\USB_HOST\Target\usbh_conf.h
2026-05-18 22:30:56,800 [INFO] CodeEngine:263 - oldGeneratedFile, D:\PP\STM32\OTA\OTA\USB_HOST\Target\usbh_conf.c_save
2026-05-18 22:30:56,861 [INFO] CodeEngine:287 - Generated code: D:\PP\STM32\OTA\OTA\USB_HOST\Target\usbh_conf.c
2026-05-18 22:30:56,865 [INFO] CodeEngine:263 - oldGeneratedFile, D:\PP\STM32\OTA\OTA\USB_HOST\Target\usbh_platform.c_save
2026-05-18 22:30:56,917 [INFO] CodeEngine:287 - Generated code: D:\PP\STM32\OTA\OTA\USB_HOST\Target\usbh_platform.c
2026-05-18 22:30:56,922 [INFO] CodeEngine:263 - oldGeneratedFile, D:\PP\STM32\OTA\OTA\USB_HOST\Target\usbh_platform.h_save
2026-05-18 22:30:56,970 [INFO] CodeEngine:287 - Generated code: D:\PP\STM32\OTA\OTA\USB_HOST\Target\usbh_platform.h
2026-05-18 22:30:56,982 [INFO] CodeEngine:263 - oldGeneratedFile, D:\PP\STM32\OTA\OTA\Core\Src\stm32f4xx_it.c_save
2026-05-18 22:30:57,055 [INFO] CodeEngine:287 - Generated code: D:\PP\STM32\OTA\OTA\Core\Src\stm32f4xx_it.c
2026-05-18 22:30:57,059 [INFO] CodeEngine:263 - oldGeneratedFile, D:\PP\STM32\OTA\OTA\Core\Inc\stm32f4xx_it.h_save
2026-05-18 22:30:57,112 [INFO] CodeEngine:287 - Generated code: D:\PP\STM32\OTA\OTA\Core\Inc\stm32f4xx_it.h
2026-05-18 22:30:57,125 [INFO] CodeEngine:263 - oldGeneratedFile, D:\PP\STM32\OTA\OTA\Core\Src\stm32f4xx_hal_msp.c_save
2026-05-18 22:30:57,212 [INFO] CodeEngine:287 - Generated code: D:\PP\STM32\OTA\OTA\Core\Src\stm32f4xx_hal_msp.c
2026-05-18 22:30:57,216 [INFO] CodeEngine:263 - oldGeneratedFile, D:\PP\STM32\OTA\OTA\MXTmpFiles\system.tmp_save
2026-05-18 22:30:57,261 [INFO] CodeEngine:287 - Generated code: D:\PP\STM32\OTA\OTA\MXTmpFiles\system.tmp
2026-05-18 22:30:57,268 [INFO] CodeEngine:319 - oldGeneratedFile, D:\PP\STM32\OTA\OTA\Core\Inc\stm32f4xx_hal_conf.h_save
2026-05-18 22:30:57,323 [INFO] CodeEngine:343 - Generated code: D:\PP\STM32\OTA\OTA\Core\Inc\stm32f4xx_hal_conf.h
2026-05-18 22:30:57,355 [INFO] ApiDbMcu:508 - Load IP Config File for I2C1
2026-05-18 22:30:57,357 [INFO] ApiDbMcu:508 - Load IP Config File for I2S3
2026-05-18 22:30:57,360 [INFO] ApiDbMcu:508 - Load IP Config File for SPI1
2026-05-18 22:30:57,364 [INFO] ApiDbMcu:508 - Load IP Config File for RCC
2026-05-18 22:30:57,374 [INFO] CodeEngine:263 - oldGeneratedFile, D:\PP\STM32\OTA\OTA\Core\Inc\main.h_save
2026-05-18 22:30:57,441 [INFO] CodeEngine:287 - Generated code: D:\PP\STM32\OTA\OTA\Core\Inc\main.h
2026-05-18 22:30:57,446 [INFO] CodeEngine:263 - oldGeneratedFile, D:\PP\STM32\OTA\OTA\Core\Src\main.c_save
2026-05-18 22:30:57,536 [INFO] CodeEngine:287 - Generated code: D:\PP\STM32\OTA\OTA\Core\Src\main.c
2026-05-18 22:30:57,949 [INFO] ProjectBuilder:3324 - Time for Copy HAL[1] : 172mS.
2026-05-18 22:30:57,959 [INFO] ProjectBuilder:4912 - Project Generator version: 4.6.0.1-B1
2026-05-18 22:30:58,048 [INFO] ConfigFileManager:1590 - The Die is : DIE413
2026-05-18 22:30:58,054 [INFO] ApiDbMcu:508 - Load IP Config File for FATFS
2026-05-18 22:30:58,060 [INFO] ApiDbMcu:508 - Load IP Config File for FREERTOS
2026-05-18 22:30:58,063 [INFO] ApiDbMcu:508 - Load IP Config File for LIBJPEG
2026-05-18 22:30:58,069 [INFO] ApiDbMcu:508 - Load IP Config File for LWIP
2026-05-18 22:30:58,077 [INFO] ApiDbMcu:508 - Load IP Config File for MBEDTLS
2026-05-18 22:30:58,086 [INFO] ApiDbMcu:508 - Load IP Config File for USB_DEVICE
2026-05-18 22:30:58,344 [INFO] LogOutputStream:77 - [STDOUT_REDIRECT] 
2026-05-18 22:31:00,558 [INFO] ProjectBuilder:5191 - Time for Generating toolchain IDE Files: 2600mS.
2026-05-18 22:31:00,559 [INFO] ProjectBuilder:3181 - Time for Copy CMSIS : 1mS.
2026-05-18 22:31:00,561 [INFO] ProjectBuilder:3181 - Time for Copy CMSIS : 0mS.
2026-05-18 22:31:01,311 [INFO] McuFinderGlobals:76 - Set McuFinderConnectedMode to true
2026-05-18 22:31:01,488 [INFO] ApiDb:448 - Save user favorites file C:\Users\Vivek chadhuvula/.stm32cubeide/favorites.mcus.txt: 0 item(s)
2026-05-18 22:31:01,488 [INFO] ApiDb:452 - User favorites MCUs=[]
2026-05-18 23:01:17,876 [INFO] MainUpdater:2872 - connection check result : 10
2026-05-18 23:01:17,877 [INFO] MainUpdater:2872 - connection check result : 10
2026-05-18 23:01:18,048 [INFO] I2sManager:658 - 9.6E7
2026-05-18 23:01:18,048 [INFO] I2sManager:195 - I2S Clock Value : 9.6E7
2026-05-18 23:01:18,049 [INFO] I2sManager:553 - AudioClock : 93750Divider : 2Odd : 0
2026-05-18 23:01:18,054 [INFO] MicroXplorer:468 - Change Database Path : 
2026-05-18 23:01:18,054 [INFO] MicroXplorer:498 - Change Database Version : DB.6.0.141
2026-05-18 23:01:18,116 [ERROR] ProjectManagerView:395 - 
java.lang.NullPointerException: Cannot invoke "javax.swing.JTextField.getText()" because the return value of "java.util.List.get(int)" is null
	at com.st.microxplorer.plugins.projectmanager.gui.ProjectChoiceTab$9.caretUpdate(ProjectChoiceTab.java:2678) ~[filemanager.jar:?]
	at javax.swing.text.JTextComponent.fireCaretUpdate(JTextComponent.java:408) ~[?:?]
	at javax.swing.text.JTextComponent$MutableCaretEvent.fire(JTextComponent.java:4484) ~[?:?]
	at javax.swing.text.JTextComponent$MutableCaretEvent.stateChanged(JTextComponent.java:4506) ~[?:?]
	at javax.swing.text.DefaultCaret.fireStateChanged(DefaultCaret.java:857) ~[?:?]
	at javax.swing.text.DefaultCaret.changeCaretPosition(DefaultCaret.java:1343) ~[?:?]
	at javax.swing.text.DefaultCaret.handleSetDot(DefaultCaret.java:1242) ~[?:?]
	at javax.swing.text.DefaultCaret.setDot(DefaultCaret.java:1223) ~[?:?]
	at javax.swing.text.DefaultCaret$Handler.insertUpdate(DefaultCaret.java:1819) ~[?:?]
	at javax.swing.text.AbstractDocument.fireInsertUpdate(AbstractDocument.java:227) ~[?:?]
	at javax.swing.text.AbstractDocument.handleInsertString(AbstractDocument.java:781) ~[?:?]
	at javax.swing.text.AbstractDocument.insertString(AbstractDocument.java:740) ~[?:?]
	at javax.swing.text.PlainDocument.insertString(PlainDocument.java:131) ~[?:?]
	at javax.swing.text.AbstractDocument.replace(AbstractDocument.java:699) ~[?:?]
	at javax.swing.text.JTextComponent.setText(JTextComponent.java:1725) ~[?:?]
	at com.st.microxplorer.plugins.projectmanager.gui.ProjectChoiceTab.createHeapStackFields(ProjectChoiceTab.java:979) ~[filemanager.jar:?]
	at com.st.microxplorer.plugins.projectmanager.gui.ProjectChoiceTab.buildLinkSettingsPanel(ProjectChoiceTab.java:3766) ~[filemanager.jar:?]
	at com.st.microxplorer.plugins.projectmanager.gui.ProjectChoiceTab.defineWindowsFields(ProjectChoiceTab.java:1962) ~[filemanager.jar:?]
	at com.st.microxplorer.plugins.projectmanager.gui.ProjectChoiceTab.updateSettings(ProjectChoiceTab.java:555) ~[filemanager.jar:?]
	at com.st.microxplorer.plugins.projectmanager.gui.ProjectSettingsPanel.UpdateDialog(ProjectSettingsPanel.java:245) ~[filemanager.jar:?]
	at com.st.microxplorer.plugins.projectmanager.ProjectManagerView.propertyChange(ProjectManagerView.java:392) ~[filemanager.jar:?]
	at java.beans.PropertyChangeSupport.fire(PropertyChangeSupport.java:343) ~[?:?]
	at java.beans.PropertyChangeSupport.firePropertyChange(PropertyChangeSupport.java:335) ~[?:?]
	at java.beans.PropertyChangeSupport.firePropertyChange(PropertyChangeSupport.java:268) ~[?:?]
	at com.st.microxplorer.util.MXPropertyChangeSupport.firePropertyChange(MXPropertyChangeSupport.java:54) ~[STM32CubeMX.jar:?]
	at com.st.microxplorer.mxsystem.MxSystem.closeConfig(MxSystem.java:899) ~[STM32CubeMX.jar:?]
	at com.st.microxplorer.maingui.MainPanel.closeConfig(MainPanel.java:789) ~[STM32CubeMX.jar:?]
	at com.st.microxplorer.plugins.filemanager.engine.OpenFileManager.loadConfigurationFile(OpenFileManager.java:287) ~[filemanager.jar:?]
	at com.st.microxplorer.plugins.filemanager.engine.MainFileManager.userLoadConfig(MainFileManager.java:341) ~[filemanager.jar:?]
	at com.st.microxplorer.plugins.filemanager.engine.MainFileManager.userLoadConfig(MainFileManager.java:319) ~[filemanager.jar:?]
	at com.st.microxplorer.plugins.filemanager.FileManagerView.getSpecificTask(FileManagerView.java:246) ~[filemanager.jar:?]
	at com.st.stm32cube.common.mx.editor.CubeMxEditor.getMxTabbedPaneInstance(CubeMxEditor.java:1198) ~[com.st.stm32cube.common.mx_6.14.1.202504091515/:?]
	at com.st.stm32cube.common.mx.editor.CubeMxEditor$12$1.createSwingComponent(CubeMxEditor.java:1068) ~[com.st.stm32cube.common.mx_6.14.1.202504091515/:?]
	at com.st.stm32cube.common.mx.oss.core.awtswtbridge.EmbeddedSwingComposite.doComponentCreation(EmbeddedSwingComposite.java:492) ~[com.st.stm32cube.common.mx.oss_6.14.1.202504091515/:?]
	at com.st.stm32cube.common.mx.oss.core.awtswtbridge.EmbeddedSwingComposite$4.run(EmbeddedSwingComposite.java:291) ~[com.st.stm32cube.common.mx.oss_6.14.1.202504091515/:?]
	at com.st.stm32cube.common.mx.oss.core.awtswtbridge.AwtEnvironment$2.run(AwtEnvironment.java:166) ~[com.st.stm32cube.common.mx.oss_6.14.1.202504091515/:?]
	at java.awt.event.InvocationEvent.dispatch(InvocationEvent.java:318) ~[?:?]
	at java.awt.EventQueue.dispatchEventImpl(EventQueue.java:773) ~[?:?]
	at java.awt.EventQueue$4.run(EventQueue.java:720) ~[?:?]
	at java.awt.EventQueue$4.run(EventQueue.java:714) ~[?:?]
	at java.security.AccessController.doPrivileged(AccessController.java:400) ~[?:?]
	at java.security.ProtectionDomain$JavaSecurityAccessImpl.doIntersectionPrivilege(ProtectionDomain.java:87) ~[?:?]
	at java.awt.EventQueue.dispatchEvent(EventQueue.java:742) ~[?:?]
	at java.awt.EventDispatchThread.pumpOneEventForFilters(EventDispatchThread.java:203) ~[?:?]
	at java.awt.EventDispatchThread.pumpEventsForFilter(EventDispatchThread.java:124) ~[?:?]
	at java.awt.EventDispatchThread.pumpEventsForHierarchy(EventDispatchThread.java:113) ~[?:?]
	at java.awt.EventDispatchThread.pumpEvents(EventDispatchThread.java:109) ~[?:?]
	at java.awt.EventDispatchThread.pumpEvents(EventDispatchThread.java:101) ~[?:?]
	at java.awt.EventDispatchThread.run(EventDispatchThread.java:90) ~[?:?]
2026-05-18 23:01:18,134 [WARN] ThirdParty:871 - waiting for thirdparty lock release [close project]
2026-05-18 23:01:18,134 [INFO] ThirdParty:873 - entering critical section [close project]
2026-05-18 23:01:18,134 [INFO] ThirdParty:883 - exiting critical section [close project]
2026-05-18 23:01:18,139 [INFO] PinOutPanel:1589 - setPackage(No Configuration,No Configuration)
2026-05-18 23:01:18,179 [WARN] IpParametersView:155 - Warning: This peripheral hasn't parameters
2026-05-18 23:01:18,209 [WARN] MainPanel:289 - <html><b><center>Warning: This peripheral has no parameters to be configured<br></b></html>
2026-05-18 23:01:18,229 [INFO] UtilMem:75 - Begin LoadConfig() Used Memory: 928921872 Bytes (1073741824)
2026-05-18 23:01:18,231 [INFO] MicroXplorer:468 - Change Database Path : 
2026-05-18 23:01:18,231 [INFO] MicroXplorer:498 - Change Database Version : DB.6.0.141
2026-05-18 23:01:18,231 [INFO] OpenFileManager:354 - Change cursor
2026-05-18 23:01:18,267 [INFO] RulesReader:64 - Compatibility file has been processed (302 Rules)
2026-05-18 23:01:18,277 [INFO] Mcu:2011 - Initializing MCU STM32F407V(E-G)Tx STM32F407VGTx STM32F407VGT6
2026-05-18 23:01:19,927 [INFO] Context:756 - Trying to add GPIOservice into a context  which must be forbidden
2026-05-18 23:01:20,519 [INFO] ImportTextPane:218 - (OptionalMessage_ERROR) Pin35 (VP_RIF_VS_RIF1) cannot be retrieved for this MCU
2026-05-18 23:01:20,555 [INFO] RtosManager:558 - Registered RTOS mode: class=CMSIS, group=RTOS, mode=CMSIS_V1, owner=FREERTOS
2026-05-18 23:01:20,556 [INFO] RtosManager:558 - Registered RTOS mode: class=CMSIS, group=RTOS2, mode=CMSIS_V2, owner=FREERTOS
2026-05-18 23:01:20,556 [INFO] RtosManager:558 - Registered RTOS mode: class=RTOS, group=Core, mode=CMSIS_V1, owner=FREERTOS
2026-05-18 23:01:20,556 [INFO] RtosManager:558 - Registered RTOS mode: class=RTOS, group=Core, mode=CMSIS_V2, owner=FREERTOS
2026-05-18 23:01:20,556 [WARN] ModelIntegratedComponent:184 - Missing modes for component STMicroelectronics:FreeRTOS:0.0.1:STMicroelectronics:RTOS:FreeRTOS:Core:::10.2.0:
2026-05-18 23:01:20,568 [WARN] ModelIntegratedComponent:63 - No mode defined for component null
2026-05-18 23:01:20,568 [WARN] ModelIntegratedComponent:63 - No mode defined for component null
2026-05-18 23:01:20,568 [WARN] ModelIntegratedComponent:63 - No mode defined for component null
2026-05-18 23:01:20,568 [WARN] ModelIntegratedComponent:63 - No mode defined for component null
2026-05-18 23:01:20,568 [WARN] ModelIntegratedComponent:63 - No mode defined for component null
2026-05-18 23:01:20,568 [WARN] ModelIntegratedComponent:63 - No mode defined for component null
2026-05-18 23:01:20,568 [WARN] ModelIntegratedComponent:63 - No mode defined for component null
2026-05-18 23:01:20,569 [WARN] ModelIntegratedComponent:63 - No mode defined for component null
2026-05-18 23:01:20,569 [WARN] ModelIntegratedComponent:63 - No mode defined for component null
2026-05-18 23:01:20,569 [WARN] ModelIntegratedComponent:63 - No mode defined for component null
2026-05-18 23:01:20,569 [WARN] ModelIntegratedComponent:63 - No mode defined for component null
2026-05-18 23:01:20,569 [WARN] ModelIntegratedComponent:63 - No mode defined for component null
2026-05-18 23:01:20,569 [WARN] ModelIntegratedComponent:63 - No mode defined for component null
2026-05-18 23:01:20,569 [WARN] ModelIntegratedComponent:63 - No mode defined for component null
2026-05-18 23:01:20,569 [WARN] ModelIntegratedComponent:63 - No mode defined for component null
2026-05-18 23:01:20,569 [WARN] ModelIntegratedComponent:63 - No mode defined for component null
2026-05-18 23:01:20,569 [WARN] ModelIntegratedComponent:63 - No mode defined for component null
2026-05-18 23:01:20,569 [WARN] ModelIntegratedComponent:63 - No mode defined for component null
2026-05-18 23:01:20,569 [WARN] ModelIntegratedComponent:63 - No mode defined for component null
2026-05-18 23:01:20,569 [WARN] ModelIntegratedComponent:63 - No mode defined for component null
2026-05-18 23:01:20,569 [WARN] ModelIntegratedComponent:63 - No mode defined for component null
2026-05-18 23:01:20,569 [WARN] ModelIntegratedComponent:63 - No mode defined for component null
2026-05-18 23:01:20,569 [WARN] ModelIntegratedComponent:63 - No mode defined for component null
2026-05-18 23:01:20,569 [WARN] ModelIntegratedComponent:63 - No mode defined for component null
2026-05-18 23:01:20,569 [WARN] ModelIntegratedComponent:63 - No mode defined for component null
2026-05-18 23:01:20,569 [WARN] ModelIntegratedComponent:63 - No mode defined for component null
2026-05-18 23:01:20,570 [WARN] ModelIntegratedComponent:63 - No mode defined for component null
2026-05-18 23:01:20,570 [WARN] ModelIntegratedComponent:63 - No mode defined for component null
2026-05-18 23:01:20,570 [WARN] ModelIntegratedComponent:63 - No mode defined for component null
2026-05-18 23:01:20,570 [WARN] ModelIntegratedComponent:63 - No mode defined for component null
2026-05-18 23:01:20,570 [WARN] ModelIntegratedComponent:63 - No mode defined for component null
2026-05-18 23:01:20,570 [WARN] ModelIntegratedComponent:63 - No mode defined for component null
2026-05-18 23:01:20,570 [WARN] ModelIntegratedComponent:63 - No mode defined for component null
2026-05-18 23:01:20,570 [WARN] ModelIntegratedComponent:63 - No mode defined for component null
2026-05-18 23:01:20,570 [WARN] ModelIntegratedComponent:63 - No mode defined for component null
2026-05-18 23:01:20,570 [WARN] ModelPack:524 - Component already loaded: STMicroelectronics:HAL Drivers:0.0.0:STMicroelectronics:Device:STMicro_Driver:XSPI:HAL::0.0.1:HAL_XSPI
2026-05-18 23:01:20,836 [INFO] ThirdPartyModel:298 - Start build external matchings
2026-05-18 23:01:21,826 [INFO] ThirdPartyModel:316 - End build external matchings
2026-05-18 23:01:21,849 [INFO] ImportTextPane:218 - (OptionalMessage_ERROR) IP (RCC) : Parameter (RTCHSEDivFreq_Value) has invalid value (4000000)
2026-05-18 23:01:22,133 [INFO] UtilMem:75 - End LoadConfig() Used Memory: 731907352 Bytes (1073741824)
2026-05-18 23:01:22,174 [WARN] ThirdParty:833 - waiting for thirdparty lock release [change project]
2026-05-18 23:01:22,174 [INFO] ThirdParty:835 - entering critical section [change project]
2026-05-18 23:01:22,175 [INFO] ThirdParty:1030 - CMSIS Pack Vendor :STMicroelectronics X-CUBE-AZRTOS-H7 3.5.0
2026-05-18 23:01:22,175 [INFO] ThirdParty:1030 - CMSIS Pack Vendor :STMicroelectronics X-CUBE-PM33A1 1.0.0
2026-05-18 23:01:22,175 [INFO] ThirdParty:1030 - CMSIS Pack Vendor :STMicroelectronics USBPD 4.1
2026-05-18 23:01:22,175 [INFO] ThirdParty:1030 - CMSIS Pack Vendor :STMicroelectronics USB_HOST 2.0.0
2026-05-18 23:01:22,175 [INFO] ThirdParty:1030 - CMSIS Pack Vendor :STMicroelectronics FP-SNS-MOTENVWB1 1.4.0
2026-05-18 23:01:22,175 [INFO] ThirdParty:1030 - CMSIS Pack Vendor :STMicroelectronics X-CUBE-AZRTOS-F4 1.1.0
2026-05-18 23:01:22,175 [INFO] ThirdParty:1030 - CMSIS Pack Vendor :STMicroelectronics LIBJPEG 8.0.0
2026-05-18 23:01:22,175 [INFO] ThirdParty:1030 - CMSIS Pack Vendor :STMicroelectronics FP-ATR-ASTRA1 2.0.2
2026-05-18 23:01:22,175 [INFO] ThirdParty:1030 - CMSIS Pack Vendor :Avnet-IotConnect X-CUBE-IoTC-DA16k-PMOD 1.0.0
2026-05-18 23:01:22,176 [INFO] ThirdParty:1030 - CMSIS Pack Vendor :STMicroelectronics X-CUBE-SMBUS 2.1.0
2026-05-18 23:01:22,176 [INFO] ThirdParty:1030 - CMSIS Pack Vendor :STMicroelectronics X-CUBE-ISPU 2.1.0
2026-05-18 23:01:22,176 [INFO] ThirdParty:1030 - CMSIS Pack Vendor :STMicroelectronics eDS-WB_DPC_TT-BIDIR 2.1.1
2026-05-18 23:01:22,176 [INFO] ThirdParty:1030 - CMSIS Pack Vendor :STMicroelectronics X-CUBE-ST60 1.0.0
2026-05-18 23:01:22,176 [INFO] ThirdParty:1030 - CMSIS Pack Vendor :STMicroelectronics X-CUBE-NFC12 1.0.0
2026-05-18 23:01:22,176 [INFO] ThirdParty:1030 - CMSIS Pack Vendor :STMicroelectronics X-CUBE-AZRTOS-F7 1.1.0
2026-05-18 23:01:22,176 [INFO] ThirdParty:1030 - CMSIS Pack Vendor :STMicroelectronics X-CUBE-AZRTOS-L5 2.0.0
2026-05-18 23:01:22,176 [INFO] ThirdParty:1030 - CMSIS Pack Vendor :STMicroelectronics USB_DEVICE 2.0.0
2026-05-18 23:01:22,176 [INFO] ThirdParty:1030 - CMSIS Pack Vendor :STMicroelectronics X-CUBE-NFC6 3.1.0
2026-05-18 23:01:22,176 [INFO] ThirdParty:1030 - CMSIS Pack Vendor :STMicroelectronics FreeRTOS 0.0.1
2026-05-18 23:01:22,176 [INFO] ThirdParty:1030 - CMSIS Pack Vendor :STMicroelectronics eDS-WB_DPC_VIENNA 1.2.0
2026-05-18 23:01:22,176 [INFO] ThirdParty:1030 - CMSIS Pack Vendor :STMicroelectronics eDS-WB_DPC_3PH2L-BIDIR 1.1.1
2026-05-18 23:01:22,177 [INFO] ThirdParty:1030 - CMSIS Pack Vendor :Infineon AIROC-Wi-Fi-Bluetooth-STM32 1.7.1
2026-05-18 23:01:22,177 [INFO] ThirdParty:1030 - CMSIS Pack Vendor :STMicroelectronics PDM2PCM 3.3.0
2026-05-18 23:01:22,177 [INFO] ThirdParty:1030 - CMSIS Pack Vendor :STMicroelectronics X-CUBE-AZRTOS-H7 3.4.0
2026-05-18 23:01:22,177 [INFO] ThirdParty:1030 - CMSIS Pack Vendor :STMicroelectronics X-CUBE-DISPLAY 3.0.0
2026-05-18 23:01:22,177 [INFO] ThirdParty:1030 - CMSIS Pack Vendor :STMicroelectronics X-CUBE-GNSS1 7.1.1
2026-05-18 23:01:22,177 [INFO] ThirdParty:1030 - CMSIS Pack Vendor :STMicroelectronics X-CUBE-NFC10 1.0.0
2026-05-18 23:01:22,177 [INFO] ThirdParty:1030 - CMSIS Pack Vendor :STMicroelectronics X-CUBE-FREERTOS 1.3.1
2026-05-18 23:01:22,177 [INFO] ThirdParty:1030 - CMSIS Pack Vendor :STMicroelectronics HAL Drivers 0.0.0
2026-05-18 23:01:22,177 [INFO] ThirdParty:1030 - CMSIS Pack Vendor :STMicroelectronics X-CUBE-ST60 1.1.0
2026-05-18 23:01:22,177 [INFO] ThirdParty:1030 - CMSIS Pack Vendor :emotas I-CUBE-CANOPEN 1.3.0
2026-05-18 23:01:22,177 [INFO] ThirdParty:1030 - CMSIS Pack Vendor :STMicroelectronics MBEDTLS 2.14.1
2026-05-18 23:01:22,178 [INFO] ThirdParty:1030 - CMSIS Pack Vendor :STMicroelectronics X-CUBE-GNSS1 7.1.0
2026-05-18 23:01:22,178 [INFO] ThirdParty:1030 - CMSIS Pack Vendor :STMicroelectronics X-CUBE-TOUCHGFX 4.26.0
2026-05-18 23:01:22,178 [INFO] ThirdParty:1030 - CMSIS Pack Vendor :STMicroelectronics X-CUBE-TOUCHGFX 4.26.1
2026-05-18 23:01:22,179 [INFO] ThirdParty:1030 - CMSIS Pack Vendor :STMicroelectronics FP-SNS-STAIOTCFT 1.0.0
2026-05-18 23:01:22,180 [INFO] ThirdParty:1030 - CMSIS Pack Vendor :STMicroelectronics FP-SNS-SMARTAG2 1.2.0
2026-05-18 23:01:22,180 [INFO] ThirdParty:1030 - CMSIS Pack Vendor :STMicroelectronics FP-SNS-FLIGHT1 5.1.0
2026-05-18 23:01:22,180 [INFO] ThirdParty:1030 - CMSIS Pack Vendor :STMicroelectronics X-CUBE-AZRTOS-WL 2.0.0
2026-05-18 23:01:22,180 [INFO] ThirdParty:1030 - CMSIS Pack Vendor :STMicroelectronics X-CUBE-DPower 1.3.0
2026-05-18 23:01:22,180 [INFO] ThirdParty:1030 - CMSIS Pack Vendor :STMicroelectronics FP-SNS-MOTENV1 5.0.0
2026-05-18 23:01:22,180 [INFO] ThirdParty:1030 - CMSIS Pack Vendor :STMicroelectronics USB_DEVICE 1.0.0
2026-05-18 23:01:22,180 [INFO] ThirdParty:1030 - CMSIS Pack Vendor :STMicroelectronics X-CUBE-AZRTOS-H7RS 1.2.0
2026-05-18 23:01:22,180 [INFO] ThirdParty:1030 - CMSIS Pack Vendor :STMicroelectronics X-CUBE-AZRTOS-L4 2.0.0
2026-05-18 23:01:22,181 [INFO] ThirdParty:1030 - CMSIS Pack Vendor :STMicroelectronics ThreadX 0.0.2
2026-05-18 23:01:22,181 [INFO] ThirdParty:1030 - CMSIS Pack Vendor :WES I-CUBE-Cesium 1.3.0
2026-05-18 23:01:22,181 [INFO] ThirdParty:1030 - CMSIS Pack Vendor :STMicroelectronics lwIP 2.1.2
2026-05-18 23:01:22,181 [INFO] ThirdParty:1030 - CMSIS Pack Vendor :STMicroelectronics X-CUBE-SFXS2LP1 4.0.0
2026-05-18 23:01:22,181 [INFO] ThirdParty:1030 - CMSIS Pack Vendor :STMicroelectronics X-CUBE-BLE2 3.3.0
2026-05-18 23:01:22,181 [INFO] ThirdParty:1030 - CMSIS Pack Vendor :Avnet-IOTCONNECT X-CUBE-iotc-st67-sdk 1.0.0
2026-05-18 23:01:22,181 [INFO] ThirdParty:1030 - CMSIS Pack Vendor :STMicroelectronics PDM2PCM 3.2.0
2026-05-18 23:01:22,181 [INFO] ThirdParty:1030 - CMSIS Pack Vendor :STMicroelectronics X-CUBE-WB05N 2.1.0
2026-05-18 23:01:22,181 [INFO] ThirdParty:1030 - CMSIS Pack Vendor :STMicroelectronics X-CUBE-NFC9 1.0.0
2026-05-18 23:01:22,181 [INFO] ThirdParty:1030 - CMSIS Pack Vendor :wolfSSL I-CUBE-wolfSSL 5.8.2
2026-05-18 23:01:22,181 [INFO] ThirdParty:1030 - CMSIS Pack Vendor :STMicroelectronics X-CUBE-BLE1 7.1.0
2026-05-18 23:01:22,181 [INFO] ThirdParty:1030 - CMSIS Pack Vendor :wolfSSL I-CUBE-wolfMQTT 1.19.2
2026-05-18 23:01:22,182 [INFO] ThirdParty:1030 - CMSIS Pack Vendor :STMicroelectronics USB_DEVICE 3.0.0
2026-05-18 23:01:22,182 [INFO] ThirdParty:1030 - CMSIS Pack Vendor :STMicroelectronics X-CUBE-EEPRMA1 5.2.0
2026-05-18 23:01:22,182 [INFO] ThirdParty:1030 - CMSIS Pack Vendor :STMicroelectronics X-CUBE-BLEMGR 4.1.0
2026-05-18 23:01:22,182 [INFO] ThirdParty:1030 - CMSIS Pack Vendor :STMicroelectronics X-CUBE-AZRTOS-WB 2.0.0
2026-05-18 23:01:22,182 [INFO] ThirdParty:1030 - CMSIS Pack Vendor :STMicroelectronics X-CUBE-GNSS1 7.0.1
2026-05-18 23:01:22,182 [INFO] ThirdParty:1030 - CMSIS Pack Vendor :STMicroelectronics X-CUBE-TOUCHGFX 4.25.0
2026-05-18 23:01:22,182 [INFO] ThirdParty:1030 - CMSIS Pack Vendor :STMicroelectronics X-CUBE-AI 10.1.0
2026-05-18 23:01:22,182 [INFO] ThirdParty:1030 - CMSIS Pack Vendor :STMicroelectronics FP-SNS-STBOX1 2.0.0
2026-05-18 23:01:22,182 [INFO] ThirdParty:1030 - CMSIS Pack Vendor :quantropi X-CUBE-qispace-sdk-base 2.1.0
2026-05-18 23:01:22,182 [INFO] ThirdParty:1030 - CMSIS Pack Vendor :STMicroelectronics X-CUBE-MEMS1 12.0.0
2026-05-18 23:01:22,182 [INFO] ThirdParty:1030 - CMSIS Pack Vendor :STMicroelectronics X-CUBE-STSE01 2.0.0
2026-05-18 23:01:22,182 [INFO] ThirdParty:1030 - CMSIS Pack Vendor :STMicroelectronics X-CUBE-AZRTOS-G0 1.1.0
2026-05-18 23:01:22,182 [INFO] ThirdParty:1030 - CMSIS Pack Vendor :STMicroelectronics X-CUBE-SAFEA1 1.2.2
2026-05-18 23:01:22,182 [INFO] ThirdParty:1030 - CMSIS Pack Vendor :STMicroelectronics X-CUBE-NFC4 3.0.0
2026-05-18 23:01:22,182 [INFO] ThirdParty:1030 - CMSIS Pack Vendor :STMicroelectronics X-CUBE-SUBG2 5.0.0
2026-05-18 23:01:22,182 [INFO] ThirdParty:1030 - CMSIS Pack Vendor :STMicroelectronics X-CUBE-AZRTOS-H7RS 1.1.0
2026-05-18 23:01:22,182 [INFO] ThirdParty:1030 - CMSIS Pack Vendor :STMicroelectronics STM32_WPAN 1.0.0
2026-05-18 23:01:22,183 [INFO] ThirdParty:1030 - CMSIS Pack Vendor :EmbeddedOffice I-CUBE-FS-RTOS 1.0.1
2026-05-18 23:01:22,183 [INFO] ThirdParty:1030 - CMSIS Pack Vendor :STMicroelectronics lwIP 2.0.3
2026-05-18 23:01:22,183 [INFO] ThirdParty:1030 - CMSIS Pack Vendor :Cesanta I-CUBE-Mongoose 7.13.0
2026-05-18 23:01:22,183 [INFO] ThirdParty:1030 - CMSIS Pack Vendor :STMicroelectronics USB_HOST 1.0.0
2026-05-18 23:01:22,183 [INFO] ThirdParty:1030 - CMSIS Pack Vendor :STMicroelectronics X-CUBE-AZRTOS-G4 2.0.0
2026-05-18 23:01:22,183 [INFO] ThirdParty:1030 - CMSIS Pack Vendor :STMicroelectronics X-CUBE-WB05N 2.0.0
2026-05-18 23:01:22,183 [INFO] ThirdParty:1030 - CMSIS Pack Vendor :STMicroelectronics PDM2PCM 3.1.0
2026-05-18 23:01:22,183 [INFO] ThirdParty:1030 - CMSIS Pack Vendor :wolfSSL I-CUBE-wolfTPM 3.8.0
2026-05-18 23:01:22,183 [INFO] ThirdParty:1030 - CMSIS Pack Vendor :wolfSSL I-CUBE-wolfSSH 1.4.20
2026-05-18 23:01:22,183 [INFO] ThirdParty:1030 - CMSIS Pack Vendor :STMicroelectronics X-CUBE-NFC7 2.0.0
2026-05-18 23:01:22,183 [INFO] ThirdParty:1030 - CMSIS Pack Vendor :STMicroelectronics X-CUBE-TCPP 4.2.0
2026-05-18 23:01:22,183 [INFO] ThirdParty:1030 - CMSIS Pack Vendor :RealThread X-CUBE-RT-Thread_Nano 4.1.1
2026-05-18 23:01:22,183 [INFO] ThirdParty:1030 - CMSIS Pack Vendor :STMicroelectronics FP-ATR-SIGFOX1 3.2.0
2026-05-18 23:01:22,183 [INFO] ThirdParty:1030 - CMSIS Pack Vendor :STMicroelectronics MBEDTLS 2.16.2
2026-05-18 23:01:22,183 [INFO] ThirdParty:1030 - CMSIS Pack Vendor :STMicroelectronics X-CUBE-IPS 3.1.0
2026-05-18 23:01:22,183 [INFO] ThirdParty:1030 - CMSIS Pack Vendor :STMicroelectronics X-CUBE-ALS 1.0.2
2026-05-18 23:01:22,183 [INFO] ThirdParty:1030 - CMSIS Pack Vendor :ITTIA_DB I-CUBE-ITTIADB 8.9.0
2026-05-18 23:01:22,183 [INFO] ThirdParty:1030 - CMSIS Pack Vendor :STMicroelectronics X-CUBE-STSE01 1.0.0
2026-05-18 23:01:22,183 [INFO] ThirdParty:1030 - CMSIS Pack Vendor :portGmbH I-Cube-SoM-uGOAL 1.1.0
2026-05-18 23:01:22,183 [INFO] ThirdParty:1030 - CMSIS Pack Vendor :STMicroelectronics X-CUBE-NFC6 3.2.0
2026-05-18 23:01:22,183 [INFO] ThirdParty:1030 - CMSIS Pack Vendor :STMicroelectronics X-CUBE-ST67W61 1.0.0
2026-05-18 23:01:22,183 [INFO] ThirdParty:1030 - CMSIS Pack Vendor :STMicroelectronics X-CUBE-AI 10.2.0
2026-05-18 23:01:22,183 [INFO] ThirdParty:1030 - CMSIS Pack Vendor :STMicroelectronics ThreadX 1.0.0
2026-05-18 23:01:22,183 [INFO] ThirdParty:1030 - CMSIS Pack Vendor :STMicroelectronics X-CUBE-MEMS1 12.1.0
2026-05-18 23:01:22,183 [INFO] ThirdParty:1030 - CMSIS Pack Vendor :SEGGER I-CUBE-embOS 1.3.1
2026-05-18 23:01:22,183 [INFO] ThirdParty:1030 - CMSIS Pack Vendor :STMicroelectronics X-CUBE-ALGOBUILD 1.4.0
2026-05-18 23:01:22,183 [INFO] ThirdParty:1030 - CMSIS Pack Vendor :STMicroelectronics X-CUBE-MEMS1 11.3.0
2026-05-18 23:01:22,183 [INFO] ThirdParty:1030 - CMSIS Pack Vendor :STMicroelectronics X-CUBE-TOF1 3.4.3
2026-05-18 23:01:22,183 [INFO] ThirdParty:841 - exiting critical section [change project]
2026-05-18 23:01:22,417 [INFO] PinOutPanel:1589 - setPackage(No Configuration,No Configuration)
2026-05-18 23:01:22,421 [INFO] PinOutPanel:1589 - setPackage(STM32F407VGTx,LQFP100)
2026-05-18 23:01:22,709 [INFO] UtilMem:75 - Before build in PCC Used Memory: 761928056 Bytes (1073741824)
2026-05-18 23:01:23,060 [INFO] UtilMem:75 - After build in PCC Used Memory: 809113976 Bytes (1073741824)
2026-05-18 23:01:23,067 [INFO] ApiDbMcu:508 - Load IP Config File for USB_HOST
2026-05-18 23:01:23,067 [WARN] BspModel:444 - BSP dependency skipped because of component: name='IOExpander', api='Unknown'
2026-05-18 23:01:23,110 [INFO] IPUIPlugin:80 - create IPUIPlugin
2026-05-18 23:01:23,111 [INFO] IPUIPlugin:80 - create IPUIPlugin
2026-05-18 23:01:23,111 [INFO] IPUIPlugin:80 - create IPUIPlugin
2026-05-18 23:01:23,111 [INFO] IPUIPlugin:80 - create IPUIPlugin
2026-05-18 23:01:23,111 [INFO] IPUIPlugin:80 - create IPUIPlugin
2026-05-18 23:01:23,111 [INFO] IPUIPlugin:80 - create IPUIPlugin
2026-05-18 23:01:23,111 [INFO] IPUIPlugin:80 - create IPUIPlugin
2026-05-18 23:01:23,112 [INFO] IPUIPlugin:80 - create IPUIPlugin
2026-05-18 23:01:23,112 [INFO] IPUIPlugin:80 - create IPUIPlugin
2026-05-18 23:01:23,112 [INFO] IPUIPlugin:80 - create IPUIPlugin
2026-05-18 23:01:23,112 [INFO] IPUIPlugin:80 - create IPUIPlugin
2026-05-18 23:01:23,112 [INFO] IPUIPlugin:80 - create IPUIPlugin
2026-05-18 23:01:23,113 [INFO] IPUIPlugin:80 - create IPUIPlugin
2026-05-18 23:01:23,113 [INFO] IPUIPlugin:80 - create IPUIPlugin
2026-05-18 23:01:23,113 [INFO] IPUIPlugin:80 - create IPUIPlugin
2026-05-18 23:01:23,113 [INFO] IPUIPlugin:80 - create IPUIPlugin
2026-05-18 23:01:23,113 [INFO] IPUIPlugin:80 - create IPUIPlugin
2026-05-18 23:01:23,114 [INFO] IPUIPlugin:80 - create IPUIPlugin
2026-05-18 23:01:23,114 [INFO] IPUIPlugin:80 - create IPUIPlugin
2026-05-18 23:01:23,114 [INFO] IPUIPlugin:80 - create IPUIPlugin
2026-05-18 23:01:23,114 [INFO] IPUIPlugin:80 - create IPUIPlugin
2026-05-18 23:01:23,114 [INFO] IPUIPlugin:80 - create IPUIPlugin
2026-05-18 23:01:23,115 [INFO] IPUIPlugin:80 - create IPUIPlugin
2026-05-18 23:01:23,115 [INFO] IPUIPlugin:80 - create IPUIPlugin
2026-05-18 23:01:23,115 [INFO] IPUIPlugin:80 - create IPUIPlugin
2026-05-18 23:01:23,115 [INFO] IPUIPlugin:80 - create IPUIPlugin
2026-05-18 23:01:23,115 [INFO] IPUIPlugin:80 - create IPUIPlugin
2026-05-18 23:01:23,116 [INFO] IPUIPlugin:80 - create IPUIPlugin
2026-05-18 23:01:23,116 [INFO] IPUIPlugin:80 - create IPUIPlugin
2026-05-18 23:01:23,116 [INFO] IPUIPlugin:80 - create IPUIPlugin
2026-05-18 23:01:23,116 [INFO] IPUIPlugin:80 - create IPUIPlugin
2026-05-18 23:01:23,116 [INFO] IPUIPlugin:80 - create IPUIPlugin
2026-05-18 23:01:23,117 [INFO] IPUIPlugin:80 - create IPUIPlugin
2026-05-18 23:01:23,117 [INFO] IPUIPlugin:80 - create IPUIPlugin
2026-05-18 23:01:23,117 [INFO] IPUIPlugin:80 - create IPUIPlugin
2026-05-18 23:01:23,117 [INFO] IPUIPlugin:80 - create IPUIPlugin
2026-05-18 23:01:23,118 [INFO] IPUIPlugin:80 - create IPUIPlugin
2026-05-18 23:01:23,118 [INFO] IPUIPlugin:80 - create IPUIPlugin
2026-05-18 23:01:23,118 [INFO] IPUIPlugin:80 - create IPUIPlugin
2026-05-18 23:01:23,120 [INFO] IPUIPlugin:80 - create IPUIPlugin
2026-05-18 23:01:23,120 [INFO] IPUIPlugin:80 - create IPUIPlugin
2026-05-18 23:01:23,121 [INFO] IPUIPlugin:80 - create IPUIPlugin
2026-05-18 23:01:23,121 [INFO] IPUIPlugin:80 - create IPUIPlugin
2026-05-18 23:01:23,121 [INFO] IPUIPlugin:80 - create IPUIPlugin
2026-05-18 23:01:23,121 [INFO] IPUIPlugin:80 - create IPUIPlugin
2026-05-18 23:01:23,121 [INFO] IPUIPlugin:80 - create IPUIPlugin
2026-05-18 23:01:23,121 [INFO] IPUIPlugin:80 - create IPUIPlugin
2026-05-18 23:01:23,122 [INFO] IPUIPlugin:80 - create IPUIPlugin
2026-05-18 23:01:23,122 [INFO] IPUIPlugin:80 - create IPUIPlugin
2026-05-18 23:01:23,122 [INFO] IPUIPlugin:80 - create IPUIPlugin
2026-05-18 23:01:23,122 [INFO] IPUIPlugin:80 - create IPUIPlugin
2026-05-18 23:01:23,123 [INFO] IPUIPlugin:80 - create IPUIPlugin
2026-05-18 23:01:23,123 [INFO] IPUIPlugin:80 - create IPUIPlugin
2026-05-18 23:01:23,123 [INFO] IPUIPlugin:80 - create IPUIPlugin
2026-05-18 23:01:23,124 [INFO] IPUIPlugin:80 - create IPUIPlugin
2026-05-18 23:01:23,124 [INFO] IPUIPlugin:80 - create IPUIPlugin
2026-05-18 23:01:23,124 [INFO] IPUIPlugin:80 - create IPUIPlugin
2026-05-18 23:01:23,125 [INFO] IPUIPlugin:80 - create IPUIPlugin
2026-05-18 23:01:23,133 [INFO] ApiDbMcu:508 - Load IP Config File for PDM2PCM
2026-05-18 23:01:23,134 [WARN] IP:2250 - I2C_Coeff_DF not found: check if there is a RefParameter without a condition.
2026-05-18 23:01:23,134 [WARN] IP:2250 - Analog_Filter not found: check if there is a RefParameter without a condition.
2026-05-18 23:01:23,139 [INFO] I2sManager:658 - 9.6E7
2026-05-18 23:01:23,139 [INFO] I2sManager:195 - I2S Clock Value : 9.6E7
2026-05-18 23:01:23,140 [INFO] I2sManager:553 - AudioClock : 93750Divider : 2Odd : 0
2026-05-18 23:01:23,216 [INFO] CADModel:165 - CPN selected for project levelSTM32F407VGT6
2026-05-18 23:01:23,217 [INFO] CADModel:114 - Register for checkConnection events
2026-05-18 23:01:23,276 [INFO] OpenFileManager:385 - Restore cursor
2026-05-18 23:01:23,568 [WARN] IP:2250 - I2C_Coeff_DF not found: check if there is a RefParameter without a condition.
2026-05-18 23:01:23,568 [WARN] IP:2250 - Analog_Filter not found: check if there is a RefParameter without a condition.
2026-05-18 23:01:23,569 [WARN] IP:2250 - I2C_Coeff_DF not found: check if there is a RefParameter without a condition.
2026-05-18 23:01:23,570 [WARN] IP:2250 - Analog_Filter not found: check if there is a RefParameter without a condition.
2026-05-18 23:01:32,255 [INFO] UtilMem:75 - End SaveConfig() Used Memory: 831464040 Bytes (1073741824)
2026-05-18 23:01:35,742 [INFO] UtilMem:75 - End SaveConfig() Used Memory: 884415080 Bytes (1073741824)
2026-05-18 23:01:37,837 [INFO] UtilMem:75 - End SaveConfig() Used Memory: 929503848 Bytes (1073741824)
2026-05-18 23:01:38,220 [INFO] BlockDiagram:2775 - set Specific Code input for plugin: SPI
2026-05-18 23:01:38,220 [INFO] BlockDiagram:2775 - set Specific Code input for plugin: I2S
2026-05-18 23:01:38,220 [INFO] BlockDiagram:2775 - set Specific Code input for plugin: SYS
2026-05-18 23:01:38,221 [INFO] BlockDiagram:2775 - set Specific Code input for plugin: RCC
2026-05-18 23:01:38,221 [INFO] BlockDiagram:2775 - set Specific Code input for plugin: I2C
2026-05-18 23:01:38,221 [INFO] BlockDiagram:2775 - set Specific Code input for plugin: USB_OTG_FS
2026-05-18 23:01:38,221 [INFO] BlockDiagram:2775 - set Specific Code input for plugin: NVIC
2026-05-18 23:01:38,221 [INFO] BlockDiagram:2775 - set Specific Code input for plugin: GPIO
2026-05-18 23:01:38,222 [INFO] CodeGenerator:882 - code generatio: config db path: C:\ST\STM32CubeIDE_1.18.1\STM32CubeIDE\plugins\com.st.stm32cube.common.mx_6.14.1.202504091515\\db\
2026-05-18 23:01:38,224 [WARN] IP:2250 - I2C_Coeff_DF not found: check if there is a RefParameter without a condition.
2026-05-18 23:01:38,224 [WARN] IP:2250 - Analog_Filter not found: check if there is a RefParameter without a condition.
2026-05-18 23:01:38,335 [INFO] CodeEngine:263 - oldGeneratedFile, D:\PP\STM32\OTA\OTA\MXTmpFiles\license.tmp_save
2026-05-18 23:01:38,593 [INFO] CodeEngine:287 - Generated code: D:\PP\STM32\OTA\OTA\MXTmpFiles\license.tmp
2026-05-18 23:01:38,672 [INFO] CodeEngine:263 - oldGeneratedFile, D:\PP\STM32\OTA\OTA\MXTmpFiles\gpio.tmp_save
2026-05-18 23:01:38,861 [INFO] CodeEngine:287 - Generated code: D:\PP\STM32\OTA\OTA\MXTmpFiles\gpio.tmp
2026-05-18 23:01:39,207 [WARN] IPConfigManager:3217 - Warning: the RefConfig PWREx_EnableUSBVoltageDetector is not available in your config.xml file
2026-05-18 23:01:39,235 [INFO] CodeEngine:263 - oldGeneratedFile, D:\PP\STM32\OTA\OTA\Core\Src\stm32f4xx_it.c_save
2026-05-18 23:01:39,495 [INFO] CodeEngine:287 - Generated code: D:\PP\STM32\OTA\OTA\Core\Src\stm32f4xx_it.c
2026-05-18 23:01:39,503 [INFO] CodeEngine:263 - oldGeneratedFile, D:\PP\STM32\OTA\OTA\Core\Inc\stm32f4xx_it.h_save
2026-05-18 23:01:39,560 [INFO] CodeEngine:287 - Generated code: D:\PP\STM32\OTA\OTA\Core\Inc\stm32f4xx_it.h
2026-05-18 23:01:39,576 [INFO] CodeEngine:263 - oldGeneratedFile, D:\PP\STM32\OTA\OTA\Core\Src\stm32f4xx_hal_msp.c_save
2026-05-18 23:01:39,693 [INFO] CodeEngine:287 - Generated code: D:\PP\STM32\OTA\OTA\Core\Src\stm32f4xx_hal_msp.c
2026-05-18 23:01:39,696 [INFO] CodeEngine:263 - oldGeneratedFile, D:\PP\STM32\OTA\OTA\MXTmpFiles\system.tmp_save
2026-05-18 23:01:39,744 [INFO] CodeEngine:287 - Generated code: D:\PP\STM32\OTA\OTA\MXTmpFiles\system.tmp
2026-05-18 23:01:39,754 [INFO] CodeEngine:319 - oldGeneratedFile, D:\PP\STM32\OTA\OTA\Core\Inc\stm32f4xx_hal_conf.h_save
2026-05-18 23:01:39,819 [INFO] CodeEngine:343 - Generated code: D:\PP\STM32\OTA\OTA\Core\Inc\stm32f4xx_hal_conf.h
2026-05-18 23:01:39,845 [INFO] ApiDbMcu:508 - Load IP Config File for I2C1
2026-05-18 23:01:39,848 [INFO] ApiDbMcu:508 - Load IP Config File for I2S3
2026-05-18 23:01:39,852 [INFO] ApiDbMcu:508 - Load IP Config File for SPI1
2026-05-18 23:01:39,855 [INFO] ApiDbMcu:508 - Load IP Config File for USB_OTG_FS
2026-05-18 23:01:39,858 [INFO] ApiDbMcu:508 - Load IP Config File for RCC
2026-05-18 23:01:39,859 [WARN] IPConfigManager:3790 - IP not found : USB_OTG
2026-05-18 23:01:39,862 [WARN] CodeGenerator:4198 - IP not found : null
2026-05-18 23:01:39,868 [INFO] CodeEngine:263 - oldGeneratedFile, D:\PP\STM32\OTA\OTA\Core\Inc\main.h_save
2026-05-18 23:01:39,960 [INFO] CodeEngine:287 - Generated code: D:\PP\STM32\OTA\OTA\Core\Inc\main.h
2026-05-18 23:01:39,967 [INFO] CodeEngine:263 - oldGeneratedFile, D:\PP\STM32\OTA\OTA\Core\Src\main.c_save
2026-05-18 23:01:40,058 [INFO] CodeEngine:287 - Generated code: D:\PP\STM32\OTA\OTA\Core\Src\main.c
2026-05-18 23:01:40,486 [INFO] ProjectBuilder:3324 - Time for Copy HAL[1] : 182mS.
2026-05-18 23:01:40,490 [INFO] ProjectBuilder:4912 - Project Generator version: 4.6.0.1-B1
2026-05-18 23:01:40,578 [INFO] ConfigFileManager:1590 - The Die is : DIE413
2026-05-18 23:01:40,584 [INFO] ApiDbMcu:508 - Load IP Config File for FATFS
2026-05-18 23:01:40,590 [INFO] ApiDbMcu:508 - Load IP Config File for FREERTOS
2026-05-18 23:01:40,609 [INFO] ApiDbMcu:508 - Load IP Config File for LIBJPEG
2026-05-18 23:01:40,617 [INFO] ApiDbMcu:508 - Load IP Config File for LWIP
2026-05-18 23:01:40,624 [INFO] ApiDbMcu:508 - Load IP Config File for MBEDTLS
2026-05-18 23:01:40,635 [INFO] ApiDbMcu:508 - Load IP Config File for USB_DEVICE
2026-05-18 23:01:42,132 [INFO] ProjectBuilder:5191 - Time for Generating toolchain IDE Files: 1642mS.
2026-05-18 23:01:42,133 [INFO] ProjectBuilder:3181 - Time for Copy CMSIS : 0mS.
2026-05-18 23:01:42,137 [INFO] ProjectBuilder:3181 - Time for Copy CMSIS : 1mS.
2026-05-18 23:02:20,857 [INFO] I2sManager:658 - 9.6E7
2026-05-18 23:02:20,857 [INFO] I2sManager:195 - I2S Clock Value : 9.6E7
2026-05-18 23:02:20,857 [INFO] I2sManager:553 - AudioClock : 93750Divider : 2Odd : 0
2026-05-18 23:02:25,607 [INFO] UtilMem:75 - End SaveConfig() Used Memory: 857566840 Bytes (1073741824)
2026-05-18 23:02:28,195 [INFO] UtilMem:75 - End SaveConfig() Used Memory: 883781240 Bytes (1073741824)
2026-05-18 23:02:42,602 [INFO] UtilMem:75 - End SaveConfig() Used Memory: 958752376 Bytes (1073741824)
2026-05-18 23:02:42,702 [INFO] BlockDiagram:2775 - set Specific Code input for plugin: SPI
2026-05-18 23:02:42,702 [INFO] BlockDiagram:2775 - set Specific Code input for plugin: I2S
2026-05-18 23:02:42,702 [INFO] BlockDiagram:2775 - set Specific Code input for plugin: SYS
2026-05-18 23:02:42,702 [INFO] BlockDiagram:2775 - set Specific Code input for plugin: RCC
2026-05-18 23:02:42,702 [INFO] BlockDiagram:2775 - set Specific Code input for plugin: I2C
2026-05-18 23:02:42,703 [INFO] BlockDiagram:2775 - set Specific Code input for plugin: USB_OTG_FS
2026-05-18 23:02:42,703 [INFO] BlockDiagram:2775 - set Specific Code input for plugin: NVIC
2026-05-18 23:02:42,703 [INFO] BlockDiagram:2775 - set Specific Code input for plugin: GPIO
2026-05-18 23:02:42,704 [INFO] CodeGenerator:882 - code generatio: config db path: C:\ST\STM32CubeIDE_1.18.1\STM32CubeIDE\plugins\com.st.stm32cube.common.mx_6.14.1.202504091515\\db\
2026-05-18 23:02:42,706 [WARN] IP:2250 - I2C_Coeff_DF not found: check if there is a RefParameter without a condition.
2026-05-18 23:02:42,706 [WARN] IP:2250 - Analog_Filter not found: check if there is a RefParameter without a condition.
2026-05-18 23:02:42,781 [INFO] CodeEngine:263 - oldGeneratedFile, D:\PP\STM32\OTA\OTA\MXTmpFiles\license.tmp_save
2026-05-18 23:02:42,828 [INFO] CodeEngine:287 - Generated code: D:\PP\STM32\OTA\OTA\MXTmpFiles\license.tmp
2026-05-18 23:02:42,858 [INFO] CodeEngine:263 - oldGeneratedFile, D:\PP\STM32\OTA\OTA\Core\Src\gpio.c_save
2026-05-18 23:02:42,911 [INFO] CodeEngine:287 - Generated code: D:\PP\STM32\OTA\OTA\Core\Src\gpio.c
2026-05-18 23:02:42,916 [INFO] CodeEngine:263 - oldGeneratedFile, D:\PP\STM32\OTA\OTA\Core\Inc\gpio.h_save
2026-05-18 23:02:42,967 [INFO] CodeEngine:287 - Generated code: D:\PP\STM32\OTA\OTA\Core\Inc\gpio.h
2026-05-18 23:02:43,100 [WARN] IPConfigManager:3217 - Warning: the RefConfig PWREx_EnableUSBVoltageDetector is not available in your config.xml file
2026-05-18 23:02:43,117 [INFO] CodeEngine:263 - oldGeneratedFile, D:\PP\STM32\OTA\OTA\Core\Src\i2c.c_save
2026-05-18 23:02:43,187 [INFO] CodeEngine:287 - Generated code: D:\PP\STM32\OTA\OTA\Core\Src\i2c.c
2026-05-18 23:02:43,191 [INFO] CodeEngine:263 - oldGeneratedFile, D:\PP\STM32\OTA\OTA\Core\Inc\i2c.h_save
2026-05-18 23:02:43,233 [INFO] CodeEngine:287 - Generated code: D:\PP\STM32\OTA\OTA\Core\Inc\i2c.h
2026-05-18 23:02:43,240 [INFO] CodeEngine:263 - oldGeneratedFile, D:\PP\STM32\OTA\OTA\Core\Src\i2s.c_save
2026-05-18 23:02:43,306 [INFO] CodeEngine:287 - Generated code: D:\PP\STM32\OTA\OTA\Core\Src\i2s.c
2026-05-18 23:02:43,309 [INFO] CodeEngine:263 - oldGeneratedFile, D:\PP\STM32\OTA\OTA\Core\Inc\i2s.h_save
2026-05-18 23:02:43,355 [INFO] CodeEngine:287 - Generated code: D:\PP\STM32\OTA\OTA\Core\Inc\i2s.h
2026-05-18 23:02:43,361 [INFO] CodeEngine:263 - oldGeneratedFile, D:\PP\STM32\OTA\OTA\Core\Src\spi.c_save
2026-05-18 23:02:43,430 [INFO] CodeEngine:287 - Generated code: D:\PP\STM32\OTA\OTA\Core\Src\spi.c
2026-05-18 23:02:43,433 [INFO] CodeEngine:263 - oldGeneratedFile, D:\PP\STM32\OTA\OTA\Core\Inc\spi.h_save
2026-05-18 23:02:43,481 [INFO] CodeEngine:287 - Generated code: D:\PP\STM32\OTA\OTA\Core\Inc\spi.h
2026-05-18 23:02:43,489 [INFO] CodeEngine:263 - oldGeneratedFile, D:\PP\STM32\OTA\OTA\Core\Src\usb_otg.c_save
2026-05-18 23:02:43,558 [INFO] CodeEngine:287 - Generated code: D:\PP\STM32\OTA\OTA\Core\Src\usb_otg.c
2026-05-18 23:02:43,562 [INFO] CodeEngine:263 - oldGeneratedFile, D:\PP\STM32\OTA\OTA\Core\Inc\usb_otg.h_save
2026-05-18 23:02:43,603 [INFO] CodeEngine:287 - Generated code: D:\PP\STM32\OTA\OTA\Core\Inc\usb_otg.h
2026-05-18 23:02:43,615 [INFO] CodeEngine:263 - oldGeneratedFile, D:\PP\STM32\OTA\OTA\Core\Src\stm32f4xx_it.c_save
2026-05-18 23:02:43,679 [INFO] CodeEngine:287 - Generated code: D:\PP\STM32\OTA\OTA\Core\Src\stm32f4xx_it.c
2026-05-18 23:02:43,682 [INFO] CodeEngine:263 - oldGeneratedFile, D:\PP\STM32\OTA\OTA\Core\Inc\stm32f4xx_it.h_save
2026-05-18 23:02:43,733 [INFO] CodeEngine:287 - Generated code: D:\PP\STM32\OTA\OTA\Core\Inc\stm32f4xx_it.h
2026-05-18 23:02:43,742 [INFO] CodeEngine:263 - oldGeneratedFile, D:\PP\STM32\OTA\OTA\Core\Src\stm32f4xx_hal_msp.c_save
2026-05-18 23:02:43,803 [INFO] CodeEngine:287 - Generated code: D:\PP\STM32\OTA\OTA\Core\Src\stm32f4xx_hal_msp.c
2026-05-18 23:02:43,805 [INFO] CodeEngine:263 - oldGeneratedFile, D:\PP\STM32\OTA\OTA\MXTmpFiles\system.tmp_save
2026-05-18 23:02:43,843 [INFO] CodeEngine:287 - Generated code: D:\PP\STM32\OTA\OTA\MXTmpFiles\system.tmp
2026-05-18 23:02:43,848 [INFO] CodeEngine:319 - oldGeneratedFile, D:\PP\STM32\OTA\OTA\Core\Inc\stm32f4xx_hal_conf.h_save
2026-05-18 23:02:43,892 [INFO] CodeEngine:343 - Generated code: D:\PP\STM32\OTA\OTA\Core\Inc\stm32f4xx_hal_conf.h
2026-05-18 23:02:43,912 [INFO] CodeEngine:263 - oldGeneratedFile, D:\PP\STM32\OTA\OTA\Core\Inc\main.h_save
2026-05-18 23:02:43,957 [INFO] CodeEngine:287 - Generated code: D:\PP\STM32\OTA\OTA\Core\Inc\main.h
2026-05-18 23:02:43,961 [INFO] CodeEngine:263 - oldGeneratedFile, D:\PP\STM32\OTA\OTA\Core\Src\main.c_save
2026-05-18 23:02:44,030 [INFO] CodeEngine:287 - Generated code: D:\PP\STM32\OTA\OTA\Core\Src\main.c
2026-05-18 23:02:44,290 [INFO] ProjectBuilder:3324 - Time for Copy HAL[1] : 110mS.
2026-05-18 23:02:44,294 [INFO] ProjectBuilder:4912 - Project Generator version: 4.6.0.1-B1
2026-05-18 23:02:44,364 [INFO] ConfigFileManager:1590 - The Die is : DIE413
2026-05-18 23:02:45,263 [INFO] ProjectBuilder:5191 - Time for Generating toolchain IDE Files: 969mS.
2026-05-18 23:02:45,265 [INFO] ProjectBuilder:3181 - Time for Copy CMSIS : 1mS.
2026-05-18 23:02:45,268 [INFO] ProjectBuilder:3181 - Time for Copy CMSIS : 1mS.
2026-05-18 23:26:00,115 [INFO] MainUpdater:2872 - connection check result : 10
2026-05-18 23:26:00,117 [INFO] MainUpdater:2872 - connection check result : 10
2026-05-18 23:26:00,227 [INFO] I2sManager:658 - 9.6E7
2026-05-18 23:26:00,227 [INFO] I2sManager:195 - I2S Clock Value : 9.6E7
2026-05-18 23:26:00,227 [INFO] I2sManager:553 - AudioClock : 93750Divider : 2Odd : 0
2026-05-18 23:26:00,237 [INFO] MicroXplorer:468 - Change Database Path : 
2026-05-18 23:26:00,237 [INFO] MicroXplorer:498 - Change Database Version : DB.6.0.141
2026-05-18 23:26:00,292 [ERROR] ProjectManagerView:395 - 
java.lang.NullPointerException: Cannot invoke "javax.swing.JTextField.getText()" because the return value of "java.util.List.get(int)" is null
	at com.st.microxplorer.plugins.projectmanager.gui.ProjectChoiceTab$9.caretUpdate(ProjectChoiceTab.java:2678) ~[filemanager.jar:?]
	at javax.swing.text.JTextComponent.fireCaretUpdate(JTextComponent.java:408) ~[?:?]
	at javax.swing.text.JTextComponent$MutableCaretEvent.fire(JTextComponent.java:4484) ~[?:?]
	at javax.swing.text.JTextComponent$MutableCaretEvent.stateChanged(JTextComponent.java:4506) ~[?:?]
	at javax.swing.text.DefaultCaret.fireStateChanged(DefaultCaret.java:857) ~[?:?]
	at javax.swing.text.DefaultCaret.changeCaretPosition(DefaultCaret.java:1343) ~[?:?]
	at javax.swing.text.DefaultCaret.handleSetDot(DefaultCaret.java:1242) ~[?:?]
	at javax.swing.text.DefaultCaret.setDot(DefaultCaret.java:1223) ~[?:?]
	at javax.swing.text.DefaultCaret$Handler.insertUpdate(DefaultCaret.java:1819) ~[?:?]
	at javax.swing.text.AbstractDocument.fireInsertUpdate(AbstractDocument.java:227) ~[?:?]
	at javax.swing.text.AbstractDocument.handleInsertString(AbstractDocument.java:781) ~[?:?]
	at javax.swing.text.AbstractDocument.insertString(AbstractDocument.java:740) ~[?:?]
	at javax.swing.text.PlainDocument.insertString(PlainDocument.java:131) ~[?:?]
	at javax.swing.text.AbstractDocument.replace(AbstractDocument.java:699) ~[?:?]
	at javax.swing.text.JTextComponent.setText(JTextComponent.java:1725) ~[?:?]
	at com.st.microxplorer.plugins.projectmanager.gui.ProjectChoiceTab.createHeapStackFields(ProjectChoiceTab.java:979) ~[filemanager.jar:?]
	at com.st.microxplorer.plugins.projectmanager.gui.ProjectChoiceTab.buildLinkSettingsPanel(ProjectChoiceTab.java:3766) ~[filemanager.jar:?]
	at com.st.microxplorer.plugins.projectmanager.gui.ProjectChoiceTab.defineWindowsFields(ProjectChoiceTab.java:1962) ~[filemanager.jar:?]
	at com.st.microxplorer.plugins.projectmanager.gui.ProjectChoiceTab.updateSettings(ProjectChoiceTab.java:555) ~[filemanager.jar:?]
	at com.st.microxplorer.plugins.projectmanager.gui.ProjectSettingsPanel.UpdateDialog(ProjectSettingsPanel.java:245) ~[filemanager.jar:?]
	at com.st.microxplorer.plugins.projectmanager.ProjectManagerView.propertyChange(ProjectManagerView.java:392) ~[filemanager.jar:?]
	at java.beans.PropertyChangeSupport.fire(PropertyChangeSupport.java:343) ~[?:?]
	at java.beans.PropertyChangeSupport.firePropertyChange(PropertyChangeSupport.java:335) ~[?:?]
	at java.beans.PropertyChangeSupport.firePropertyChange(PropertyChangeSupport.java:268) ~[?:?]
	at com.st.microxplorer.util.MXPropertyChangeSupport.firePropertyChange(MXPropertyChangeSupport.java:54) ~[STM32CubeMX.jar:?]
	at com.st.microxplorer.mxsystem.MxSystem.closeConfig(MxSystem.java:899) ~[STM32CubeMX.jar:?]
	at com.st.microxplorer.maingui.MainPanel.closeConfig(MainPanel.java:789) ~[STM32CubeMX.jar:?]
	at com.st.microxplorer.plugins.filemanager.engine.OpenFileManager.loadConfigurationFile(OpenFileManager.java:287) ~[filemanager.jar:?]
	at com.st.microxplorer.plugins.filemanager.engine.MainFileManager.userLoadConfig(MainFileManager.java:341) ~[filemanager.jar:?]
	at com.st.microxplorer.plugins.filemanager.engine.MainFileManager.userLoadConfig(MainFileManager.java:319) ~[filemanager.jar:?]
	at com.st.microxplorer.plugins.filemanager.FileManagerView.getSpecificTask(FileManagerView.java:246) ~[filemanager.jar:?]
	at com.st.stm32cube.common.mx.editor.CubeMxEditor.getMxTabbedPaneInstance(CubeMxEditor.java:1198) ~[com.st.stm32cube.common.mx_6.14.1.202504091515/:?]
	at com.st.stm32cube.common.mx.editor.CubeMxEditor$12$1.createSwingComponent(CubeMxEditor.java:1068) ~[com.st.stm32cube.common.mx_6.14.1.202504091515/:?]
	at com.st.stm32cube.common.mx.oss.core.awtswtbridge.EmbeddedSwingComposite.doComponentCreation(EmbeddedSwingComposite.java:492) ~[com.st.stm32cube.common.mx.oss_6.14.1.202504091515/:?]
	at com.st.stm32cube.common.mx.oss.core.awtswtbridge.EmbeddedSwingComposite$4.run(EmbeddedSwingComposite.java:291) ~[com.st.stm32cube.common.mx.oss_6.14.1.202504091515/:?]
	at com.st.stm32cube.common.mx.oss.core.awtswtbridge.AwtEnvironment$2.run(AwtEnvironment.java:166) ~[com.st.stm32cube.common.mx.oss_6.14.1.202504091515/:?]
	at java.awt.event.InvocationEvent.dispatch(InvocationEvent.java:318) ~[?:?]
	at java.awt.EventQueue.dispatchEventImpl(EventQueue.java:773) ~[?:?]
	at java.awt.EventQueue$4.run(EventQueue.java:720) ~[?:?]
	at java.awt.EventQueue$4.run(EventQueue.java:714) ~[?:?]
	at java.security.AccessController.doPrivileged(AccessController.java:400) ~[?:?]
	at java.security.ProtectionDomain$JavaSecurityAccessImpl.doIntersectionPrivilege(ProtectionDomain.java:87) ~[?:?]
	at java.awt.EventQueue.dispatchEvent(EventQueue.java:742) ~[?:?]
	at java.awt.EventDispatchThread.pumpOneEventForFilters(EventDispatchThread.java:203) ~[?:?]
	at java.awt.EventDispatchThread.pumpEventsForFilter(EventDispatchThread.java:124) ~[?:?]
	at java.awt.EventDispatchThread.pumpEventsForHierarchy(EventDispatchThread.java:113) ~[?:?]
	at java.awt.EventDispatchThread.pumpEvents(EventDispatchThread.java:109) ~[?:?]
	at java.awt.EventDispatchThread.pumpEvents(EventDispatchThread.java:101) ~[?:?]
	at java.awt.EventDispatchThread.run(EventDispatchThread.java:90) ~[?:?]
2026-05-18 23:26:00,295 [WARN] ThirdParty:871 - waiting for thirdparty lock release [close project]
2026-05-18 23:26:00,295 [INFO] ThirdParty:873 - entering critical section [close project]
2026-05-18 23:26:00,295 [INFO] ThirdParty:883 - exiting critical section [close project]
2026-05-18 23:26:00,299 [INFO] PinOutPanel:1589 - setPackage(No Configuration,No Configuration)
2026-05-18 23:26:00,314 [WARN] IpParametersView:155 - Warning: This peripheral hasn't parameters
2026-05-18 23:26:00,323 [WARN] MainPanel:289 - <html><b><center>Warning: This peripheral has no parameters to be configured<br></b></html>
2026-05-18 23:26:00,328 [INFO] UtilMem:75 - Begin LoadConfig() Used Memory: 772240648 Bytes (1073741824)
2026-05-18 23:26:00,329 [INFO] MicroXplorer:468 - Change Database Path : 
2026-05-18 23:26:00,329 [INFO] MicroXplorer:498 - Change Database Version : DB.6.0.141
2026-05-18 23:26:00,329 [INFO] OpenFileManager:354 - Change cursor
2026-05-18 23:26:00,356 [INFO] RulesReader:64 - Compatibility file has been processed (302 Rules)
2026-05-18 23:26:00,362 [INFO] Mcu:2011 - Initializing MCU STM32F407V(E-G)Tx STM32F407VGTx STM32F407VGT6
2026-05-18 23:26:01,696 [INFO] Context:756 - Trying to add GPIOservice into a context  which must be forbidden
2026-05-18 23:26:02,413 [INFO] ImportTextPane:218 - (OptionalMessage_ERROR) Pin34 (VP_RIF_VS_RIF1) cannot be retrieved for this MCU
2026-05-18 23:26:02,472 [INFO] RtosManager:558 - Registered RTOS mode: class=CMSIS, group=RTOS, mode=CMSIS_V1, owner=FREERTOS
2026-05-18 23:26:02,473 [INFO] RtosManager:558 - Registered RTOS mode: class=CMSIS, group=RTOS2, mode=CMSIS_V2, owner=FREERTOS
2026-05-18 23:26:02,473 [INFO] RtosManager:558 - Registered RTOS mode: class=RTOS, group=Core, mode=CMSIS_V1, owner=FREERTOS
2026-05-18 23:26:02,473 [INFO] RtosManager:558 - Registered RTOS mode: class=RTOS, group=Core, mode=CMSIS_V2, owner=FREERTOS
2026-05-18 23:26:02,473 [WARN] ModelIntegratedComponent:184 - Missing modes for component STMicroelectronics:FreeRTOS:0.0.1:STMicroelectronics:RTOS:FreeRTOS:Core:::10.2.0:
2026-05-18 23:26:02,492 [WARN] ModelIntegratedComponent:63 - No mode defined for component null
2026-05-18 23:26:02,492 [WARN] ModelIntegratedComponent:63 - No mode defined for component null
2026-05-18 23:26:02,492 [WARN] ModelIntegratedComponent:63 - No mode defined for component null
2026-05-18 23:26:02,492 [WARN] ModelIntegratedComponent:63 - No mode defined for component null
2026-05-18 23:26:02,492 [WARN] ModelIntegratedComponent:63 - No mode defined for component null
2026-05-18 23:26:02,492 [WARN] ModelIntegratedComponent:63 - No mode defined for component null
2026-05-18 23:26:02,492 [WARN] ModelIntegratedComponent:63 - No mode defined for component null
2026-05-18 23:26:02,492 [WARN] ModelIntegratedComponent:63 - No mode defined for component null
2026-05-18 23:26:02,492 [WARN] ModelIntegratedComponent:63 - No mode defined for component null
2026-05-18 23:26:02,492 [WARN] ModelIntegratedComponent:63 - No mode defined for component null
2026-05-18 23:26:02,493 [WARN] ModelIntegratedComponent:63 - No mode defined for component null
2026-05-18 23:26:02,493 [WARN] ModelIntegratedComponent:63 - No mode defined for component null
2026-05-18 23:26:02,493 [WARN] ModelIntegratedComponent:63 - No mode defined for component null
2026-05-18 23:26:02,493 [WARN] ModelIntegratedComponent:63 - No mode defined for component null
2026-05-18 23:26:02,493 [WARN] ModelIntegratedComponent:63 - No mode defined for component null
2026-05-18 23:26:02,493 [WARN] ModelIntegratedComponent:63 - No mode defined for component null
2026-05-18 23:26:02,493 [WARN] ModelIntegratedComponent:63 - No mode defined for component null
2026-05-18 23:26:02,493 [WARN] ModelIntegratedComponent:63 - No mode defined for component null
2026-05-18 23:26:02,493 [WARN] ModelIntegratedComponent:63 - No mode defined for component null
2026-05-18 23:26:02,493 [WARN] ModelIntegratedComponent:63 - No mode defined for component null
2026-05-18 23:26:02,493 [WARN] ModelIntegratedComponent:63 - No mode defined for component null
2026-05-18 23:26:02,493 [WARN] ModelIntegratedComponent:63 - No mode defined for component null
2026-05-18 23:26:02,493 [WARN] ModelIntegratedComponent:63 - No mode defined for component null
2026-05-18 23:26:02,493 [WARN] ModelIntegratedComponent:63 - No mode defined for component null
2026-05-18 23:26:02,493 [WARN] ModelIntegratedComponent:63 - No mode defined for component null
2026-05-18 23:26:02,493 [WARN] ModelIntegratedComponent:63 - No mode defined for component null
2026-05-18 23:26:02,493 [WARN] ModelIntegratedComponent:63 - No mode defined for component null
2026-05-18 23:26:02,493 [WARN] ModelIntegratedComponent:63 - No mode defined for component null
2026-05-18 23:26:02,493 [WARN] ModelIntegratedComponent:63 - No mode defined for component null
2026-05-18 23:26:02,493 [WARN] ModelIntegratedComponent:63 - No mode defined for component null
2026-05-18 23:26:02,493 [WARN] ModelIntegratedComponent:63 - No mode defined for component null
2026-05-18 23:26:02,493 [WARN] ModelIntegratedComponent:63 - No mode defined for component null
2026-05-18 23:26:02,493 [WARN] ModelIntegratedComponent:63 - No mode defined for component null
2026-05-18 23:26:02,493 [WARN] ModelIntegratedComponent:63 - No mode defined for component null
2026-05-18 23:26:02,493 [WARN] ModelIntegratedComponent:63 - No mode defined for component null
2026-05-18 23:26:02,493 [WARN] ModelPack:524 - Component already loaded: STMicroelectronics:HAL Drivers:0.0.0:STMicroelectronics:Device:STMicro_Driver:XSPI:HAL::0.0.1:HAL_XSPI
2026-05-18 23:26:02,927 [INFO] ThirdPartyModel:298 - Start build external matchings
2026-05-18 23:26:04,111 [INFO] ThirdPartyModel:316 - End build external matchings
2026-05-18 23:26:04,147 [INFO] ImportTextPane:218 - (OptionalMessage_ERROR) IP (RCC) : Parameter (RTCHSEDivFreq_Value) has invalid value (4000000)
2026-05-18 23:26:04,461 [INFO] UtilMem:75 - End LoadConfig() Used Memory: 867308680 Bytes (1073741824)
2026-05-18 23:26:04,500 [WARN] ThirdParty:833 - waiting for thirdparty lock release [change project]
2026-05-18 23:26:04,501 [INFO] ThirdParty:835 - entering critical section [change project]
2026-05-18 23:26:04,501 [INFO] ThirdParty:1030 - CMSIS Pack Vendor :STMicroelectronics X-CUBE-AZRTOS-H7 3.5.0
2026-05-18 23:26:04,501 [INFO] ThirdParty:1030 - CMSIS Pack Vendor :STMicroelectronics X-CUBE-PM33A1 1.0.0
2026-05-18 23:26:04,501 [INFO] ThirdParty:1030 - CMSIS Pack Vendor :STMicroelectronics USBPD 4.1
2026-05-18 23:26:04,501 [INFO] ThirdParty:1030 - CMSIS Pack Vendor :STMicroelectronics USB_HOST 2.0.0
2026-05-18 23:26:04,501 [INFO] ThirdParty:1030 - CMSIS Pack Vendor :STMicroelectronics FP-SNS-MOTENVWB1 1.4.0
2026-05-18 23:26:04,501 [INFO] ThirdParty:1030 - CMSIS Pack Vendor :STMicroelectronics X-CUBE-AZRTOS-F4 1.1.0
2026-05-18 23:26:04,501 [INFO] ThirdParty:1030 - CMSIS Pack Vendor :STMicroelectronics LIBJPEG 8.0.0
2026-05-18 23:26:04,501 [INFO] ThirdParty:1030 - CMSIS Pack Vendor :STMicroelectronics FP-ATR-ASTRA1 2.0.2
2026-05-18 23:26:04,501 [INFO] ThirdParty:1030 - CMSIS Pack Vendor :Avnet-IotConnect X-CUBE-IoTC-DA16k-PMOD 1.0.0
2026-05-18 23:26:04,501 [INFO] ThirdParty:1030 - CMSIS Pack Vendor :STMicroelectronics X-CUBE-SMBUS 2.1.0
2026-05-18 23:26:04,501 [INFO] ThirdParty:1030 - CMSIS Pack Vendor :STMicroelectronics X-CUBE-ISPU 2.1.0
2026-05-18 23:26:04,501 [INFO] ThirdParty:1030 - CMSIS Pack Vendor :STMicroelectronics eDS-WB_DPC_TT-BIDIR 2.1.1
2026-05-18 23:26:04,501 [INFO] ThirdParty:1030 - CMSIS Pack Vendor :STMicroelectronics X-CUBE-ST60 1.0.0
2026-05-18 23:26:04,501 [INFO] ThirdParty:1030 - CMSIS Pack Vendor :STMicroelectronics X-CUBE-NFC12 1.0.0
2026-05-18 23:26:04,501 [INFO] ThirdParty:1030 - CMSIS Pack Vendor :STMicroelectronics X-CUBE-AZRTOS-F7 1.1.0
2026-05-18 23:26:04,501 [INFO] ThirdParty:1030 - CMSIS Pack Vendor :STMicroelectronics X-CUBE-AZRTOS-L5 2.0.0
2026-05-18 23:26:04,501 [INFO] ThirdParty:1030 - CMSIS Pack Vendor :STMicroelectronics USB_DEVICE 2.0.0
2026-05-18 23:26:04,501 [INFO] ThirdParty:1030 - CMSIS Pack Vendor :STMicroelectronics X-CUBE-NFC6 3.1.0
2026-05-18 23:26:04,501 [INFO] ThirdParty:1030 - CMSIS Pack Vendor :STMicroelectronics FreeRTOS 0.0.1
2026-05-18 23:26:04,501 [INFO] ThirdParty:1030 - CMSIS Pack Vendor :STMicroelectronics eDS-WB_DPC_VIENNA 1.2.0
2026-05-18 23:26:04,501 [INFO] ThirdParty:1030 - CMSIS Pack Vendor :STMicroelectronics eDS-WB_DPC_3PH2L-BIDIR 1.1.1
2026-05-18 23:26:04,501 [INFO] ThirdParty:1030 - CMSIS Pack Vendor :Infineon AIROC-Wi-Fi-Bluetooth-STM32 1.7.1
2026-05-18 23:26:04,501 [INFO] ThirdParty:1030 - CMSIS Pack Vendor :STMicroelectronics PDM2PCM 3.3.0
2026-05-18 23:26:04,501 [INFO] ThirdParty:1030 - CMSIS Pack Vendor :STMicroelectronics X-CUBE-AZRTOS-H7 3.4.0
2026-05-18 23:26:04,501 [INFO] ThirdParty:1030 - CMSIS Pack Vendor :STMicroelectronics X-CUBE-DISPLAY 3.0.0
2026-05-18 23:26:04,501 [INFO] ThirdParty:1030 - CMSIS Pack Vendor :STMicroelectronics X-CUBE-GNSS1 7.1.1
2026-05-18 23:26:04,501 [INFO] ThirdParty:1030 - CMSIS Pack Vendor :STMicroelectronics X-CUBE-NFC10 1.0.0
2026-05-18 23:26:04,501 [INFO] ThirdParty:1030 - CMSIS Pack Vendor :STMicroelectronics X-CUBE-FREERTOS 1.3.1
2026-05-18 23:26:04,502 [INFO] ThirdParty:1030 - CMSIS Pack Vendor :STMicroelectronics HAL Drivers 0.0.0
2026-05-18 23:26:04,502 [INFO] ThirdParty:1030 - CMSIS Pack Vendor :STMicroelectronics X-CUBE-ST60 1.1.0
2026-05-18 23:26:04,502 [INFO] ThirdParty:1030 - CMSIS Pack Vendor :emotas I-CUBE-CANOPEN 1.3.0
2026-05-18 23:26:04,502 [INFO] ThirdParty:1030 - CMSIS Pack Vendor :STMicroelectronics MBEDTLS 2.14.1
2026-05-18 23:26:04,502 [INFO] ThirdParty:1030 - CMSIS Pack Vendor :STMicroelectronics X-CUBE-GNSS1 7.1.0
2026-05-18 23:26:04,502 [INFO] ThirdParty:1030 - CMSIS Pack Vendor :STMicroelectronics X-CUBE-TOUCHGFX 4.26.0
2026-05-18 23:26:04,502 [INFO] ThirdParty:1030 - CMSIS Pack Vendor :STMicroelectronics X-CUBE-TOUCHGFX 4.26.1
2026-05-18 23:26:04,502 [INFO] ThirdParty:1030 - CMSIS Pack Vendor :STMicroelectronics FP-SNS-STAIOTCFT 1.0.0
2026-05-18 23:26:04,502 [INFO] ThirdParty:1030 - CMSIS Pack Vendor :STMicroelectronics FP-SNS-SMARTAG2 1.2.0
2026-05-18 23:26:04,502 [INFO] ThirdParty:1030 - CMSIS Pack Vendor :STMicroelectronics FP-SNS-FLIGHT1 5.1.0
2026-05-18 23:26:04,502 [INFO] ThirdParty:1030 - CMSIS Pack Vendor :STMicroelectronics X-CUBE-AZRTOS-WL 2.0.0
2026-05-18 23:26:04,502 [INFO] ThirdParty:1030 - CMSIS Pack Vendor :STMicroelectronics X-CUBE-DPower 1.3.0
2026-05-18 23:26:04,502 [INFO] ThirdParty:1030 - CMSIS Pack Vendor :STMicroelectronics FP-SNS-MOTENV1 5.0.0
2026-05-18 23:26:04,502 [INFO] ThirdParty:1030 - CMSIS Pack Vendor :STMicroelectronics USB_DEVICE 1.0.0
2026-05-18 23:26:04,502 [INFO] ThirdParty:1030 - CMSIS Pack Vendor :STMicroelectronics X-CUBE-AZRTOS-H7RS 1.2.0
2026-05-18 23:26:04,502 [INFO] ThirdParty:1030 - CMSIS Pack Vendor :STMicroelectronics X-CUBE-AZRTOS-L4 2.0.0
2026-05-18 23:26:04,502 [INFO] ThirdParty:1030 - CMSIS Pack Vendor :STMicroelectronics ThreadX 0.0.2
2026-05-18 23:26:04,502 [INFO] ThirdParty:1030 - CMSIS Pack Vendor :WES I-CUBE-Cesium 1.3.0
2026-05-18 23:26:04,502 [INFO] ThirdParty:1030 - CMSIS Pack Vendor :STMicroelectronics lwIP 2.1.2
2026-05-18 23:26:04,502 [INFO] ThirdParty:1030 - CMSIS Pack Vendor :STMicroelectronics X-CUBE-SFXS2LP1 4.0.0
2026-05-18 23:26:04,502 [INFO] ThirdParty:1030 - CMSIS Pack Vendor :STMicroelectronics X-CUBE-BLE2 3.3.0
2026-05-18 23:26:04,502 [INFO] ThirdParty:1030 - CMSIS Pack Vendor :Avnet-IOTCONNECT X-CUBE-iotc-st67-sdk 1.0.0
2026-05-18 23:26:04,502 [INFO] ThirdParty:1030 - CMSIS Pack Vendor :STMicroelectronics PDM2PCM 3.2.0
2026-05-18 23:26:04,502 [INFO] ThirdParty:1030 - CMSIS Pack Vendor :STMicroelectronics X-CUBE-WB05N 2.1.0
2026-05-18 23:26:04,502 [INFO] ThirdParty:1030 - CMSIS Pack Vendor :STMicroelectronics X-CUBE-NFC9 1.0.0
2026-05-18 23:26:04,502 [INFO] ThirdParty:1030 - CMSIS Pack Vendor :wolfSSL I-CUBE-wolfSSL 5.8.2
2026-05-18 23:26:04,502 [INFO] ThirdParty:1030 - CMSIS Pack Vendor :STMicroelectronics X-CUBE-BLE1 7.1.0
2026-05-18 23:26:04,502 [INFO] ThirdParty:1030 - CMSIS Pack Vendor :wolfSSL I-CUBE-wolfMQTT 1.19.2
2026-05-18 23:26:04,502 [INFO] ThirdParty:1030 - CMSIS Pack Vendor :STMicroelectronics USB_DEVICE 3.0.0
2026-05-18 23:26:04,502 [INFO] ThirdParty:1030 - CMSIS Pack Vendor :STMicroelectronics X-CUBE-EEPRMA1 5.2.0
2026-05-18 23:26:04,502 [INFO] ThirdParty:1030 - CMSIS Pack Vendor :STMicroelectronics X-CUBE-BLEMGR 4.1.0
2026-05-18 23:26:04,502 [INFO] ThirdParty:1030 - CMSIS Pack Vendor :STMicroelectronics X-CUBE-AZRTOS-WB 2.0.0
2026-05-18 23:26:04,502 [INFO] ThirdParty:1030 - CMSIS Pack Vendor :STMicroelectronics X-CUBE-GNSS1 7.0.1
2026-05-18 23:26:04,502 [INFO] ThirdParty:1030 - CMSIS Pack Vendor :STMicroelectronics X-CUBE-TOUCHGFX 4.25.0
2026-05-18 23:26:04,502 [INFO] ThirdParty:1030 - CMSIS Pack Vendor :STMicroelectronics X-CUBE-AI 10.1.0
2026-05-18 23:26:04,502 [INFO] ThirdParty:1030 - CMSIS Pack Vendor :STMicroelectronics FP-SNS-STBOX1 2.0.0
2026-05-18 23:26:04,502 [INFO] ThirdParty:1030 - CMSIS Pack Vendor :quantropi X-CUBE-qispace-sdk-base 2.1.0
2026-05-18 23:26:04,502 [INFO] ThirdParty:1030 - CMSIS Pack Vendor :STMicroelectronics X-CUBE-MEMS1 12.0.0
2026-05-18 23:26:04,502 [INFO] ThirdParty:1030 - CMSIS Pack Vendor :STMicroelectronics X-CUBE-STSE01 2.0.0
2026-05-18 23:26:04,502 [INFO] ThirdParty:1030 - CMSIS Pack Vendor :STMicroelectronics X-CUBE-AZRTOS-G0 1.1.0
2026-05-18 23:26:04,502 [INFO] ThirdParty:1030 - CMSIS Pack Vendor :STMicroelectronics X-CUBE-SAFEA1 1.2.2
2026-05-18 23:26:04,502 [INFO] ThirdParty:1030 - CMSIS Pack Vendor :STMicroelectronics X-CUBE-NFC4 3.0.0
2026-05-18 23:26:04,503 [INFO] ThirdParty:1030 - CMSIS Pack Vendor :STMicroelectronics X-CUBE-SUBG2 5.0.0
2026-05-18 23:26:04,503 [INFO] ThirdParty:1030 - CMSIS Pack Vendor :STMicroelectronics X-CUBE-AZRTOS-H7RS 1.1.0
2026-05-18 23:26:04,503 [INFO] ThirdParty:1030 - CMSIS Pack Vendor :STMicroelectronics STM32_WPAN 1.0.0
2026-05-18 23:26:04,503 [INFO] ThirdParty:1030 - CMSIS Pack Vendor :EmbeddedOffice I-CUBE-FS-RTOS 1.0.1
2026-05-18 23:26:04,503 [INFO] ThirdParty:1030 - CMSIS Pack Vendor :STMicroelectronics lwIP 2.0.3
2026-05-18 23:26:04,503 [INFO] ThirdParty:1030 - CMSIS Pack Vendor :Cesanta I-CUBE-Mongoose 7.13.0
2026-05-18 23:26:04,503 [INFO] ThirdParty:1030 - CMSIS Pack Vendor :STMicroelectronics USB_HOST 1.0.0
2026-05-18 23:26:04,503 [INFO] ThirdParty:1030 - CMSIS Pack Vendor :STMicroelectronics X-CUBE-AZRTOS-G4 2.0.0
2026-05-18 23:26:04,503 [INFO] ThirdParty:1030 - CMSIS Pack Vendor :STMicroelectronics X-CUBE-WB05N 2.0.0
2026-05-18 23:26:04,503 [INFO] ThirdParty:1030 - CMSIS Pack Vendor :STMicroelectronics PDM2PCM 3.1.0
2026-05-18 23:26:04,503 [INFO] ThirdParty:1030 - CMSIS Pack Vendor :wolfSSL I-CUBE-wolfTPM 3.8.0
2026-05-18 23:26:04,503 [INFO] ThirdParty:1030 - CMSIS Pack Vendor :wolfSSL I-CUBE-wolfSSH 1.4.20
2026-05-18 23:26:04,503 [INFO] ThirdParty:1030 - CMSIS Pack Vendor :STMicroelectronics X-CUBE-NFC7 2.0.0
2026-05-18 23:26:04,503 [INFO] ThirdParty:1030 - CMSIS Pack Vendor :STMicroelectronics X-CUBE-TCPP 4.2.0
2026-05-18 23:26:04,503 [INFO] ThirdParty:1030 - CMSIS Pack Vendor :RealThread X-CUBE-RT-Thread_Nano 4.1.1
2026-05-18 23:26:04,503 [INFO] ThirdParty:1030 - CMSIS Pack Vendor :STMicroelectronics FP-ATR-SIGFOX1 3.2.0
2026-05-18 23:26:04,503 [INFO] ThirdParty:1030 - CMSIS Pack Vendor :STMicroelectronics MBEDTLS 2.16.2
2026-05-18 23:26:04,503 [INFO] ThirdParty:1030 - CMSIS Pack Vendor :STMicroelectronics X-CUBE-IPS 3.1.0
2026-05-18 23:26:04,503 [INFO] ThirdParty:1030 - CMSIS Pack Vendor :STMicroelectronics X-CUBE-ALS 1.0.2
2026-05-18 23:26:04,503 [INFO] ThirdParty:1030 - CMSIS Pack Vendor :ITTIA_DB I-CUBE-ITTIADB 8.9.0
2026-05-18 23:26:04,503 [INFO] ThirdParty:1030 - CMSIS Pack Vendor :STMicroelectronics X-CUBE-STSE01 1.0.0
2026-05-18 23:26:04,503 [INFO] ThirdParty:1030 - CMSIS Pack Vendor :portGmbH I-Cube-SoM-uGOAL 1.1.0
2026-05-18 23:26:04,503 [INFO] ThirdParty:1030 - CMSIS Pack Vendor :STMicroelectronics X-CUBE-NFC6 3.2.0
2026-05-18 23:26:04,503 [INFO] ThirdParty:1030 - CMSIS Pack Vendor :STMicroelectronics X-CUBE-ST67W61 1.0.0
2026-05-18 23:26:04,503 [INFO] ThirdParty:1030 - CMSIS Pack Vendor :STMicroelectronics X-CUBE-AI 10.2.0
2026-05-18 23:26:04,503 [INFO] ThirdParty:1030 - CMSIS Pack Vendor :STMicroelectronics ThreadX 1.0.0
2026-05-18 23:26:04,503 [INFO] ThirdParty:1030 - CMSIS Pack Vendor :STMicroelectronics X-CUBE-MEMS1 12.1.0
2026-05-18 23:26:04,503 [INFO] ThirdParty:1030 - CMSIS Pack Vendor :SEGGER I-CUBE-embOS 1.3.1
2026-05-18 23:26:04,503 [INFO] ThirdParty:1030 - CMSIS Pack Vendor :STMicroelectronics X-CUBE-ALGOBUILD 1.4.0
2026-05-18 23:26:04,503 [INFO] ThirdParty:1030 - CMSIS Pack Vendor :STMicroelectronics X-CUBE-MEMS1 11.3.0
2026-05-18 23:26:04,503 [INFO] ThirdParty:1030 - CMSIS Pack Vendor :STMicroelectronics X-CUBE-TOF1 3.4.3
2026-05-18 23:26:04,503 [INFO] ThirdParty:841 - exiting critical section [change project]
2026-05-18 23:26:04,696 [INFO] PinOutPanel:1589 - setPackage(No Configuration,No Configuration)
2026-05-18 23:26:04,697 [INFO] PinOutPanel:1589 - setPackage(STM32F407VGTx,LQFP100)
2026-05-18 23:26:05,001 [INFO] UtilMem:75 - Before build in PCC Used Memory: 797916672 Bytes (1073741824)
2026-05-18 23:26:05,235 [INFO] UtilMem:75 - After build in PCC Used Memory: 843537936 Bytes (1073741824)
2026-05-18 23:26:05,257 [INFO] IPUIPlugin:80 - create IPUIPlugin
2026-05-18 23:26:05,257 [INFO] IPUIPlugin:80 - create IPUIPlugin
2026-05-18 23:26:05,257 [INFO] IPUIPlugin:80 - create IPUIPlugin
2026-05-18 23:26:05,257 [INFO] IPUIPlugin:80 - create IPUIPlugin
2026-05-18 23:26:05,257 [INFO] IPUIPlugin:80 - create IPUIPlugin
2026-05-18 23:26:05,257 [INFO] IPUIPlugin:80 - create IPUIPlugin
2026-05-18 23:26:05,258 [INFO] IPUIPlugin:80 - create IPUIPlugin
2026-05-18 23:26:05,258 [INFO] IPUIPlugin:80 - create IPUIPlugin
2026-05-18 23:26:05,258 [INFO] IPUIPlugin:80 - create IPUIPlugin
2026-05-18 23:26:05,258 [INFO] IPUIPlugin:80 - create IPUIPlugin
2026-05-18 23:26:05,258 [INFO] IPUIPlugin:80 - create IPUIPlugin
2026-05-18 23:26:05,258 [INFO] IPUIPlugin:80 - create IPUIPlugin
2026-05-18 23:26:05,258 [INFO] IPUIPlugin:80 - create IPUIPlugin
2026-05-18 23:26:05,258 [INFO] IPUIPlugin:80 - create IPUIPlugin
2026-05-18 23:26:05,259 [INFO] IPUIPlugin:80 - create IPUIPlugin
2026-05-18 23:26:05,259 [INFO] IPUIPlugin:80 - create IPUIPlugin
2026-05-18 23:26:05,259 [INFO] IPUIPlugin:80 - create IPUIPlugin
2026-05-18 23:26:05,259 [INFO] IPUIPlugin:80 - create IPUIPlugin
2026-05-18 23:26:05,259 [INFO] IPUIPlugin:80 - create IPUIPlugin
2026-05-18 23:26:05,259 [INFO] IPUIPlugin:80 - create IPUIPlugin
2026-05-18 23:26:05,259 [INFO] IPUIPlugin:80 - create IPUIPlugin
2026-05-18 23:26:05,259 [INFO] IPUIPlugin:80 - create IPUIPlugin
2026-05-18 23:26:05,259 [INFO] IPUIPlugin:80 - create IPUIPlugin
2026-05-18 23:26:05,259 [INFO] IPUIPlugin:80 - create IPUIPlugin
2026-05-18 23:26:05,260 [INFO] IPUIPlugin:80 - create IPUIPlugin
2026-05-18 23:26:05,260 [INFO] IPUIPlugin:80 - create IPUIPlugin
2026-05-18 23:26:05,260 [INFO] IPUIPlugin:80 - create IPUIPlugin
2026-05-18 23:26:05,260 [INFO] IPUIPlugin:80 - create IPUIPlugin
2026-05-18 23:26:05,260 [INFO] IPUIPlugin:80 - create IPUIPlugin
2026-05-18 23:26:05,260 [INFO] IPUIPlugin:80 - create IPUIPlugin
2026-05-18 23:26:05,260 [INFO] IPUIPlugin:80 - create IPUIPlugin
2026-05-18 23:26:05,261 [INFO] IPUIPlugin:80 - create IPUIPlugin
2026-05-18 23:26:05,261 [INFO] IPUIPlugin:80 - create IPUIPlugin
2026-05-18 23:26:05,261 [INFO] IPUIPlugin:80 - create IPUIPlugin
2026-05-18 23:26:05,261 [INFO] IPUIPlugin:80 - create IPUIPlugin
2026-05-18 23:26:05,261 [INFO] IPUIPlugin:80 - create IPUIPlugin
2026-05-18 23:26:05,261 [INFO] IPUIPlugin:80 - create IPUIPlugin
2026-05-18 23:26:05,261 [INFO] IPUIPlugin:80 - create IPUIPlugin
2026-05-18 23:26:05,261 [INFO] IPUIPlugin:80 - create IPUIPlugin
2026-05-18 23:26:05,262 [INFO] IPUIPlugin:80 - create IPUIPlugin
2026-05-18 23:26:05,262 [INFO] IPUIPlugin:80 - create IPUIPlugin
2026-05-18 23:26:05,262 [INFO] IPUIPlugin:80 - create IPUIPlugin
2026-05-18 23:26:05,262 [INFO] IPUIPlugin:80 - create IPUIPlugin
2026-05-18 23:26:05,262 [INFO] IPUIPlugin:80 - create IPUIPlugin
2026-05-18 23:26:05,262 [INFO] IPUIPlugin:80 - create IPUIPlugin
2026-05-18 23:26:05,262 [INFO] IPUIPlugin:80 - create IPUIPlugin
2026-05-18 23:26:05,262 [INFO] IPUIPlugin:80 - create IPUIPlugin
2026-05-18 23:26:05,263 [INFO] IPUIPlugin:80 - create IPUIPlugin
2026-05-18 23:26:05,263 [INFO] IPUIPlugin:80 - create IPUIPlugin
2026-05-18 23:26:05,263 [INFO] IPUIPlugin:80 - create IPUIPlugin
2026-05-18 23:26:05,264 [INFO] IPUIPlugin:80 - create IPUIPlugin
2026-05-18 23:26:05,264 [INFO] IPUIPlugin:80 - create IPUIPlugin
2026-05-18 23:26:05,265 [INFO] IPUIPlugin:80 - create IPUIPlugin
2026-05-18 23:26:05,265 [INFO] IPUIPlugin:80 - create IPUIPlugin
2026-05-18 23:26:05,265 [INFO] IPUIPlugin:80 - create IPUIPlugin
2026-05-18 23:26:05,265 [INFO] IPUIPlugin:80 - create IPUIPlugin
2026-05-18 23:26:05,265 [INFO] IPUIPlugin:80 - create IPUIPlugin
2026-05-18 23:26:05,265 [INFO] IPUIPlugin:80 - create IPUIPlugin
2026-05-18 23:26:05,270 [INFO] ApiDbMcu:508 - Load IP Config File for PDM2PCM
2026-05-18 23:26:05,271 [WARN] IP:2250 - I2C_Coeff_DF not found: check if there is a RefParameter without a condition.
2026-05-18 23:26:05,271 [WARN] IP:2250 - Analog_Filter not found: check if there is a RefParameter without a condition.
2026-05-18 23:26:05,275 [INFO] I2sManager:658 - 9.6E7
2026-05-18 23:26:05,275 [INFO] I2sManager:195 - I2S Clock Value : 9.6E7
2026-05-18 23:26:05,275 [INFO] I2sManager:553 - AudioClock : 93750Divider : 2Odd : 0
2026-05-18 23:26:05,335 [INFO] CADModel:165 - CPN selected for project levelSTM32F407VGT6
2026-05-18 23:26:05,335 [INFO] CADModel:114 - Register for checkConnection events
2026-05-18 23:26:05,395 [INFO] OpenFileManager:385 - Restore cursor
2026-05-18 23:26:05,447 [WARN] IP:2250 - I2C_Coeff_DF not found: check if there is a RefParameter without a condition.
2026-05-18 23:26:05,447 [WARN] IP:2250 - Analog_Filter not found: check if there is a RefParameter without a condition.
2026-05-18 23:26:05,447 [WARN] IP:2250 - I2C_Coeff_DF not found: check if there is a RefParameter without a condition.
2026-05-18 23:26:05,447 [WARN] IP:2250 - Analog_Filter not found: check if there is a RefParameter without a condition.
2026-05-18 23:26:13,252 [INFO] NvicIntPanel:101 - NVIC parent = com.st.microxplorer.plugins.ip.nvic.MultiNvicIntPanel[,0,0,453x169,layout=javax.swing.BoxLayout,alignmentX=0.0,alignmentY=0.0,border=,flags=9,maximumSize=,minimumSize=,preferredSize=]
2026-05-18 23:26:54,691 [INFO] I2sManager:658 - 9.6E7
2026-05-18 23:26:54,691 [INFO] I2sManager:195 - I2S Clock Value : 9.6E7
2026-05-18 23:26:54,693 [INFO] I2sManager:553 - AudioClock : 93750Divider : 2Odd : 0
2026-05-18 23:27:14,956 [INFO] I2sManager:658 - 9.6E7
2026-05-18 23:27:14,957 [INFO] I2sManager:195 - I2S Clock Value : 9.6E7
2026-05-18 23:27:14,957 [INFO] I2sManager:553 - AudioClock : 93750Divider : 2Odd : 0
2026-05-18 23:27:40,370 [INFO] UtilMem:75 - End SaveConfig() Used Memory: 692609544 Bytes (1073741824)
2026-05-18 23:27:40,534 [INFO] UtilMem:75 - End SaveConfig() Used Memory: 715129752 Bytes (1073741824)
2026-05-18 23:27:43,894 [INFO] UtilMem:75 - End SaveConfig() Used Memory: 800594800 Bytes (1073741824)
2026-05-18 23:27:44,349 [INFO] BlockDiagram:2775 - set Specific Code input for plugin: SPI
2026-05-18 23:27:44,349 [INFO] BlockDiagram:2775 - set Specific Code input for plugin: I2S
2026-05-18 23:27:44,349 [INFO] BlockDiagram:2775 - set Specific Code input for plugin: SYS
2026-05-18 23:27:44,349 [INFO] BlockDiagram:2775 - set Specific Code input for plugin: RCC
2026-05-18 23:27:44,349 [INFO] BlockDiagram:2775 - set Specific Code input for plugin: I2C
2026-05-18 23:27:44,349 [INFO] BlockDiagram:2775 - set Specific Code input for plugin: USB_OTG_FS
2026-05-18 23:27:44,349 [INFO] BlockDiagram:2775 - set Specific Code input for plugin: NVIC
2026-05-18 23:27:44,350 [INFO] BlockDiagram:2775 - set Specific Code input for plugin: GPIO
2026-05-18 23:27:44,350 [INFO] CodeGenerator:882 - code generatio: config db path: C:\ST\STM32CubeIDE_1.18.1\STM32CubeIDE\plugins\com.st.stm32cube.common.mx_6.14.1.202504091515\\db\
2026-05-18 23:27:44,351 [WARN] IP:2250 - I2C_Coeff_DF not found: check if there is a RefParameter without a condition.
2026-05-18 23:27:44,351 [WARN] IP:2250 - Analog_Filter not found: check if there is a RefParameter without a condition.
2026-05-18 23:27:44,477 [INFO] CodeEngine:263 - oldGeneratedFile, D:\PP\STM32\OTA\OTA\MXTmpFiles\license.tmp_save
2026-05-18 23:27:44,672 [INFO] CodeEngine:287 - Generated code: D:\PP\STM32\OTA\OTA\MXTmpFiles\license.tmp
2026-05-18 23:27:44,852 [INFO] CodeEngine:263 - oldGeneratedFile, D:\PP\STM32\OTA\OTA\Core\Src\gpio.c_save
2026-05-18 23:27:44,969 [INFO] CodeEngine:287 - Generated code: D:\PP\STM32\OTA\OTA\Core\Src\gpio.c
2026-05-18 23:27:44,974 [INFO] CodeEngine:263 - oldGeneratedFile, D:\PP\STM32\OTA\OTA\Core\Inc\gpio.h_save
2026-05-18 23:27:45,049 [INFO] CodeEngine:287 - Generated code: D:\PP\STM32\OTA\OTA\Core\Inc\gpio.h
2026-05-18 23:27:45,458 [WARN] IPConfigManager:3217 - Warning: the RefConfig PWREx_EnableUSBVoltageDetector is not available in your config.xml file
2026-05-18 23:27:45,478 [INFO] CodeEngine:263 - oldGeneratedFile, D:\PP\STM32\OTA\OTA\Core\Src\i2c.c_save
2026-05-18 23:27:45,706 [INFO] CodeEngine:287 - Generated code: D:\PP\STM32\OTA\OTA\Core\Src\i2c.c
2026-05-18 23:27:45,713 [INFO] CodeEngine:263 - oldGeneratedFile, D:\PP\STM32\OTA\OTA\Core\Inc\i2c.h_save
2026-05-18 23:27:45,824 [INFO] CodeEngine:287 - Generated code: D:\PP\STM32\OTA\OTA\Core\Inc\i2c.h
2026-05-18 23:27:45,839 [INFO] CodeEngine:263 - oldGeneratedFile, D:\PP\STM32\OTA\OTA\Core\Src\i2s.c_save
2026-05-18 23:27:45,983 [INFO] CodeEngine:287 - Generated code: D:\PP\STM32\OTA\OTA\Core\Src\i2s.c
2026-05-18 23:27:45,991 [INFO] CodeEngine:263 - oldGeneratedFile, D:\PP\STM32\OTA\OTA\Core\Inc\i2s.h_save
2026-05-18 23:27:46,091 [INFO] CodeEngine:287 - Generated code: D:\PP\STM32\OTA\OTA\Core\Inc\i2s.h
2026-05-18 23:27:46,106 [INFO] CodeEngine:263 - oldGeneratedFile, D:\PP\STM32\OTA\OTA\Core\Src\spi.c_save
2026-05-18 23:27:46,213 [INFO] CodeEngine:287 - Generated code: D:\PP\STM32\OTA\OTA\Core\Src\spi.c
2026-05-18 23:27:46,220 [INFO] CodeEngine:263 - oldGeneratedFile, D:\PP\STM32\OTA\OTA\Core\Inc\spi.h_save
2026-05-18 23:27:46,291 [INFO] CodeEngine:287 - Generated code: D:\PP\STM32\OTA\OTA\Core\Inc\spi.h
2026-05-18 23:27:46,303 [INFO] CodeEngine:263 - oldGeneratedFile, D:\PP\STM32\OTA\OTA\Core\Src\usb_otg.c_save
2026-05-18 23:27:46,402 [INFO] CodeEngine:287 - Generated code: D:\PP\STM32\OTA\OTA\Core\Src\usb_otg.c
2026-05-18 23:27:46,406 [INFO] CodeEngine:263 - oldGeneratedFile, D:\PP\STM32\OTA\OTA\Core\Inc\usb_otg.h_save
2026-05-18 23:27:46,473 [INFO] CodeEngine:287 - Generated code: D:\PP\STM32\OTA\OTA\Core\Inc\usb_otg.h
2026-05-18 23:27:46,487 [INFO] CodeEngine:263 - oldGeneratedFile, D:\PP\STM32\OTA\OTA\Core\Src\stm32f4xx_it.c_save
2026-05-18 23:27:46,663 [INFO] CodeEngine:287 - Generated code: D:\PP\STM32\OTA\OTA\Core\Src\stm32f4xx_it.c
2026-05-18 23:27:46,667 [INFO] CodeEngine:263 - oldGeneratedFile, D:\PP\STM32\OTA\OTA\Core\Inc\stm32f4xx_it.h_save
2026-05-18 23:27:46,736 [INFO] CodeEngine:287 - Generated code: D:\PP\STM32\OTA\OTA\Core\Inc\stm32f4xx_it.h
2026-05-18 23:27:46,753 [INFO] CodeEngine:263 - oldGeneratedFile, D:\PP\STM32\OTA\OTA\Core\Src\stm32f4xx_hal_msp.c_save
2026-05-18 23:27:46,866 [INFO] CodeEngine:287 - Generated code: D:\PP\STM32\OTA\OTA\Core\Src\stm32f4xx_hal_msp.c
2026-05-18 23:27:46,870 [INFO] CodeEngine:263 - oldGeneratedFile, D:\PP\STM32\OTA\OTA\MXTmpFiles\system.tmp_save
2026-05-18 23:27:46,922 [INFO] CodeEngine:287 - Generated code: D:\PP\STM32\OTA\OTA\MXTmpFiles\system.tmp
2026-05-18 23:27:46,926 [INFO] CodeEngine:263 - oldGeneratedFile, D:\PP\STM32\OTA\OTA\Core\Inc\stm32_assert.h_save
2026-05-18 23:27:46,976 [INFO] CodeEngine:287 - Generated code: D:\PP\STM32\OTA\OTA\Core\Inc\stm32_assert.h
2026-05-18 23:27:46,986 [INFO] CodeEngine:319 - oldGeneratedFile, D:\PP\STM32\OTA\OTA\Core\Inc\stm32f4xx_hal_conf.h_save
2026-05-18 23:27:47,045 [INFO] CodeEngine:343 - Generated code: D:\PP\STM32\OTA\OTA\Core\Inc\stm32f4xx_hal_conf.h
2026-05-18 23:27:47,081 [INFO] ApiDbMcu:508 - Load IP Config File for I2C1
2026-05-18 23:27:47,085 [INFO] ApiDbMcu:508 - Load IP Config File for I2S3
2026-05-18 23:27:47,090 [INFO] ApiDbMcu:508 - Load IP Config File for SPI1
2026-05-18 23:27:47,095 [INFO] ApiDbMcu:508 - Load IP Config File for USB_OTG_FS
2026-05-18 23:27:47,098 [INFO] ApiDbMcu:508 - Load IP Config File for RCC
2026-05-18 23:27:47,108 [INFO] CodeEngine:263 - oldGeneratedFile, D:\PP\STM32\OTA\OTA\Core\Inc\main.h_save
2026-05-18 23:27:47,187 [INFO] CodeEngine:287 - Generated code: D:\PP\STM32\OTA\OTA\Core\Inc\main.h
2026-05-18 23:27:47,194 [INFO] CodeEngine:263 - oldGeneratedFile, D:\PP\STM32\OTA\OTA\Core\Src\main.c_save
2026-05-18 23:27:47,272 [INFO] CodeEngine:287 - Generated code: D:\PP\STM32\OTA\OTA\Core\Src\main.c
2026-05-18 23:27:47,609 [INFO] ProjectBuilder:3324 - Time for Copy HAL[1] : 190mS.
2026-05-18 23:27:47,612 [INFO] ProjectBuilder:4912 - Project Generator version: 4.6.0.1-B1
2026-05-18 23:27:47,686 [INFO] ConfigFileManager:1590 - The Die is : DIE413
2026-05-18 23:27:47,690 [INFO] ApiDbMcu:508 - Load IP Config File for FATFS
2026-05-18 23:27:47,695 [INFO] ApiDbMcu:508 - Load IP Config File for FREERTOS
2026-05-18 23:27:47,697 [INFO] ApiDbMcu:508 - Load IP Config File for LIBJPEG
2026-05-18 23:27:47,704 [INFO] ApiDbMcu:508 - Load IP Config File for LWIP
2026-05-18 23:27:47,709 [INFO] ApiDbMcu:508 - Load IP Config File for MBEDTLS
2026-05-18 23:27:47,715 [INFO] ApiDbMcu:508 - Load IP Config File for USB_DEVICE
2026-05-18 23:27:47,718 [INFO] ApiDbMcu:508 - Load IP Config File for USB_HOST
2026-05-18 23:27:48,834 [INFO] ProjectBuilder:5191 - Time for Generating toolchain IDE Files: 1222mS.
2026-05-18 23:27:48,835 [INFO] ProjectBuilder:3181 - Time for Copy CMSIS : 0mS.
2026-05-18 23:27:48,837 [INFO] ProjectBuilder:3181 - Time for Copy CMSIS : 0mS.
2026-05-18 23:30:35,177 [ERROR] LogOutputStream:75 - [STDERR_REDIRECT] 
